station_id,source_file,compressed_bytes,sha256,ingested_at_utc,temperature_row_count,min_observation_date,max_observation_date
AU000005010,AU000005010.csv.gz,810625,fb0234a89f948e3e6813345bad8dd91307d60b56b5dac9b87101d3647f99b366,2026-09-02 17:54:11+00:00,109978,1876-01-01,2026-08-26
AU000005901,AU000005901.csv.gz,971178,e52b69ff44fb21fc271f2c34e2432a786c9942f4b6d60170b5ab6525a7ed07b0,2026-09-02 17:54:11+00:00,125062,1855-02-01,2026-08-26
AU000006306,AU000006306.csv.gz,821101,a1b6433573593848f56f5d1c6bb7f6521c7f72bbec2bdda311e58e29c3b0fa61,2026-09-02 17:54:11+00:00,109345,1874-01-01,2026-07-31
AU000011801,AU000011801.csv.gz,793300,d52b57fc38e7c9dc56843b475ad201faa455092131a599069006021ddfe412f8,2026-09-02 17:54:11+00:00,103702,1877-01-01,2026-07-31
AU000015410,AU000015410.csv.gz,860371,ece12a6e02ed4de877e4800c8586e043f90a1691b158886f53664e39926023e5,2026-09-02 17:54:11+00:00,101441,1886-11-01,2026-07-31
AU000016402,AU000016402.csv.gz,745759,d95271450cc50032bf2f28fdc941b0c618e7dc26bc952eea868aec630022d594,2026-09-02 17:54:11+00:00,94496,1894-01-01,2025-08-24
AUM00011155,AUM00011155.csv.gz,309832,b8d06a1a7c90e17083152cbb7b41b50fba829a065dcfc2e83bafdf26af9e6156,2026-09-02 17:54:11+00:00,30289,1965-05-26,2025-08-24
AUM00011231,AUM00011231.csv.gz,333817,7d6bcfa234cb8741bbcd60d4ffde62b68ebdc34f26d5462c4b79354f949a0f52,2026-09-02 17:54:11+00:00,34638,1952-01-05,2025-08-24
BE000006447,BE000006447.csv.gz,925151,2cc06b30c9da09849d6d96fd05d7186841bf64050c0415cc5876d128352db573,2026-09-02 17:54:11+00:00,136461,1833-01-02,2026-08-26
BUM00015502,BUM00015502.csv.gz,198079,7b61f575b920d7dc1c68c85f4cebadbbcb9741e6d60fe5f7787207ef03f6ce64,2026-09-02 17:54:11+00:00,21361,1975-09-09,2026-08-26
BUM00015552,BUM00015552.csv.gz,291012,95a50bfd9ac9dd626aac179c6d817dfa4341356a09186a78fc06325d8a16a67d,2026-09-02 17:54:11+00:00,26137,1952-01-03,2025-08-24
BUM00015614,BUM00015614.csv.gz,318066,ac95d1066565334d90ff3deda0ac7708626d6dad62b968788e617aaac58f6ed8,2026-09-02 17:54:11+00:00,28599,1952-01-01,2025-08-24
BUM00015730,BUM00015730.csv.gz,342970,191f006ab8811915f21557072a343156030b5daf2a4ab9b0acd44b1225b95863,2026-09-02 17:54:11+00:00,38555,1957-06-30,2025-08-24
CY000176090,CY000176090.csv.gz,293340,c77d28861dfb9dcb79afc32ff223aa8e0e4970042342b077ccbf8fd283cddc7f,2026-09-02 17:54:11+00:00,32734,1976-04-04,2025-08-24
DA000032020,DA000032020.csv.gz,357220,65f7acabf7953b2cb430405c0144ca98c5f12192bcc2c7aa87460ff6636c03d9,2026-09-02 17:54:11+00:00,39464,1971-01-01,2025-08-24
DAM00006011,DAM00006011.csv.gz,270443,3f4524975c48205e7a1882a72f7bbff3fc6f9be99e6c3e2e6a26741c82a368c8,2026-09-02 17:54:11+00:00,29295,1973-01-01,2021-05-31
DAM00006030,DAM00006030.csv.gz,279209,112692dafb4169dd92b5052389cfbdb33cdc56256e1749d1913542b0302248d1,2026-09-02 17:54:11+00:00,25773,1973-01-01,2025-08-24
DAM00006190,DAM00006190.csv.gz,170431,8d4bd30a41e74caa94bcb37743e6f472fa067dcdf9882ea6ffd1167c1ffde6dc,2026-09-02 17:54:11+00:00,14541,1983-11-25,2025-08-24
EI000003953,EI000003953.csv.gz,528784,0b5cf8cc7c7f412d35580640d2959c691b3eed60bbefbf4259f4ec291e05334b,2026-09-02 17:54:11+00:00,63155,1929-10-01,2026-08-26
EI000003969,EI000003969.csv.gz,819154,0804a73d2147743249ecb1e079cd8a9ac4d33b0c56cde5d96df1588769dba000,2026-09-02 17:54:11+00:00,114891,1867-01-01,2026-07-22
EI000003980,EI000003980.csv.gz,565420,946293baa56c298d824b3bf3ff418842d2fa8527909c5a00993bb543b6966c17,2026-09-02 17:54:11+00:00,56129,1929-10-01,2026-08-26
EIE00107808,EIE00107808.csv.gz,304228,f8bc27e2ae6857cb95c424875193a2ab420f14532624751800a7d4d5a6af1d38,2026-09-02 17:54:11+00:00,38074,1971-05-01,2026-05-31
EIM00003955,EIM00003955.csv.gz,246765,2df76c669304eb72681fc148ce6fa56309f457d8ea6bb9394be69690b416d829,2026-09-02 17:54:11+00:00,21344,1973-02-07,2025-08-22
EIM00003962,EIM00003962.csv.gz,255669,babb0ccedc4ae14d2a88ddc210d6b27a9cd244e91295894d1c6e1a17d261521a,2026-09-02 17:54:11+00:00,20916,1974-01-07,2025-08-24
EIM00003967,EIM00003967.csv.gz,185717,7898a1b6cd833be23022be06565812ab599d97a24ea27aa701311405a5815c7f,2026-09-02 17:54:11+00:00,17704,1987-02-01,2025-08-24
EIM00003973,EIM00003973.csv.gz,184181,76c4856c9eab6e3a9ca8475d14be54afa3bc3d52a5304b7c86ac317b80e8ed0a,2026-09-02 17:54:11+00:00,17871,1929-10-01,2025-08-24
EIM00003976,EIM00003976.csv.gz,277251,95f5fdf2482f869a50d76c77dbb301935ddc080e473ec6043779b03521ce0120,2026-09-02 17:54:11+00:00,25373,1973-10-05,2026-08-26
EN000026029,EN000026029.csv.gz,173764,3b6160d1ae7f8a21b0bb2ee73c7370b42e9491c8a9e1d7e33b44b25a0b0a454f,2026-09-02 17:54:11+00:00,17568,1960-12-05,2026-08-26
EN000026038,EN000026038.csv.gz,537349,0349983fc1b5549932e28d9b8bb6bd817068204f54aa3a4f8d1d14320298962c,2026-09-02 17:54:11+00:00,55360,1936-01-01,2025-08-24
EN000026045,EN000026045.csv.gz,484670,4ef215b87889f8e65a0771613ed274cd15cdcb946124a6880326ddf09d165dbc,2026-09-02 17:54:11+00:00,58945,1945-02-01,2026-06-30
EN000026115,EN000026115.csv.gz,346772,4ac3f81bba97af1e93600a0ce0ecebd1d04b8cb1e1120796cd8d18329384c8f3,2026-09-02 17:54:11+00:00,36617,1955-01-05,2026-08-26
EN000026120,EN000026120.csv.gz,185780,829343b698086b3433d3e44b083a4288a0891c52290fb8843b6d72e6e1e7a698,2026-09-02 17:54:11+00:00,18369,1959-01-01,2025-08-24
EN000026124,EN000026124.csv.gz,298872,9bd24245812ea7535e4bb3597a798d08b437d0bc78e2fc0cac4d1ecb7bc43ad6,2026-09-02 17:54:11+00:00,45586,1964-01-01,2026-06-30
EN000026128,EN000026128.csv.gz,193157,d2137e3ddee631d809c1e243aae01b456d35d913e189b1fe1d51ff27d8525277,2026-09-02 17:54:11+00:00,18798,1959-01-09,2026-08-26
EN000026134,EN000026134.csv.gz,204024,37cd69b245886e59756f2ab8f98c8cdac264a1a7c030f98ec9085e63a561c4a9,2026-09-02 17:54:11+00:00,17606,1969-01-02,2026-02-09
EN000026135,EN000026135.csv.gz,232690,580aec7fda182aee62780a422fb8b26cb6fa7155e74a903de85dee32f7b0f75b,2026-09-02 17:54:11+00:00,22385,1955-01-05,2026-02-09
EN000026141,EN000026141.csv.gz,234244,267faba2fbd2aa4424885341df583f150d6b565ea19970d336426c01ddd4ddb8,2026-09-02 17:54:11+00:00,21633,1969-01-01,2025-08-23
EN000026214,EN000026214.csv.gz,225228,c1de28a31dfb5e76701cee43e20b019f0fdc517e4f58609e5e586d5beb878fac,2026-09-02 17:54:11+00:00,17735,1959-01-08,2025-08-24
EN000026226,EN000026226.csv.gz,180175,a39a6d58558cb4b53a3f15973e136340e5783f6f204165aa8338ac6300abaaa8,2026-09-02 17:54:11+00:00,17347,1959-01-02,2026-02-09
EN000026229,EN000026229.csv.gz,182301,bb070dce86ed031f8c69566d66a50b22b00d028c28db9e85610c6054878f274c,2026-09-02 17:54:11+00:00,14520,1955-01-15,2026-08-26
EN000026242,EN000026242.csv.gz,702531,1c63bf7f3935b77ab7575e4d341bb469680f59772f975bc6f161a133babad653,2026-09-02 17:54:11+00:00,91451,1901-01-01,2026-06-30
EN000026249,EN000026249.csv.gz,637428,a6ce9a965a32c530ebe45be64bc3080debdb8dc0186603812e1f0734601670d9,2026-09-02 17:54:11+00:00,72280,1923-01-01,2026-08-26
ENE00100914,ENE00100914.csv.gz,656929,a0cc48ea6259ea070782fb5869a20df13ca409da638e332f058c9a6b0a622ff3,2026-09-02 17:54:11+00:00,74853,1920-01-01,2026-06-30
ENE00174999,ENE00174999.csv.gz,331536,42eac3002b84311c01cf387ceda0f25586c73fa813c99d72d9e4e99de04605da,2026-09-02 17:54:11+00:00,49155,1959-01-01,2026-06-30
ENE00175011,ENE00175011.csv.gz,331558,9516dc00744ad26dfa690af4d757d73f414516697f74f0e0294b34f19771f827,2026-09-02 17:54:11+00:00,51120,1948-09-01,2026-06-30
ENE00175019,ENE00175019.csv.gz,376059,47fa69efbc9aef26d8641d20739db43332cbf109b4ccbf3e3344d84b0f15226a,2026-09-02 17:54:11+00:00,55192,1950-11-01,2026-06-30
ENE00175023,ENE00175023.csv.gz,481348,ee637c9e3b3addff43b5b5907772e844320354e1d7f2e361625abfac8b560186,2026-09-02 17:54:11+00:00,73007,1926-01-01,2026-06-30
ENE00175027,ENE00175027.csv.gz,517758,1d44665d15235ea4bd11fb5e7eb9f9e73c3eae578fae5ef081d9a981c91bf4c0,2026-09-02 17:54:11+00:00,76334,1920-04-01,2026-06-30
ENE00175035,ENE00175035.csv.gz,613713,c7bfe9dbce03f33d89d319b3821b87d46056214b63701da55d67f8962c033477,2026-09-02 17:54:11+00:00,90787,1877-12-16,2026-06-30
ENE00175051,ENE00175051.csv.gz,564476,a48268712089bd3219f5acade2d76844ba44cbb17cab765a8653645a117f1e51,2026-09-02 17:54:11+00:00,77343,1919-10-01,2026-06-30
ENE00175075,ENE00175075.csv.gz,307378,d9e698794fef96f62d09d9906e872f1d15da50d874e519e3d2f9898576806b39,2026-09-02 17:54:11+00:00,46618,1962-08-01,2026-06-30
ENE00175079,ENE00175079.csv.gz,425894,af91f73e854334de1bd0248b02356b0f4c3efa086e99c9e07d65513f48e2475b,2026-09-02 17:54:11+00:00,61706,1941-02-22,2026-06-30
ENE00175087,ENE00175087.csv.gz,406483,f3d174494c1a4c459eccac0808381152ed512aced7c03d90eea0e318224c3782,2026-09-02 17:54:11+00:00,61787,1941-03-01,2026-06-30
ENE00175091,ENE00175091.csv.gz,397311,8f98009de3a84f201948455b67f8dee4c394983a00f199640db3eab2ccddc5b8,2026-09-02 17:54:11+00:00,58176,1945-04-22,2026-06-30
EZ000011464,EZ000011464.csv.gz,526583,e4df45ef16c101069c39ecb91b6f4558ae079e72d890783bac61759f879d1b69,2026-09-02 17:54:11+00:00,80277,1906-05-01,2025-08-24
EZM00011406,EZM00011406.csv.gz,325333,075666262b1b0f9acde1a4793e18a423851357db60f39fc0e5ed79f1b83a783e,2026-09-02 17:54:11+00:00,32385,1938-12-19,2026-08-26
EZM00011423,EZM00011423.csv.gz,216164,c99e343a1ff280814f405a580f8246efe106d30ef4bf5bebca49cdaf940768a0,2026-09-02 17:54:11+00:00,18696,1978-06-08,2026-08-26
EZM00011487,EZM00011487.csv.gz,219515,7ee39817b6283cac9555b0058b0e6142f2ea4deafe86646fd10eda2065b9c965,2026-09-02 17:54:11+00:00,20286,1977-06-18,2026-08-26
EZM00011518,EZM00011518.csv.gz,347968,3393d7dbaee68c14b1e8010660e69a546bd8aa3ff8834af7445bb9d0799bafb0,2026-09-02 17:54:11+00:00,33782,1940-01-02,2025-08-24
EZM00011520,EZM00011520.csv.gz,305788,3419116e89bb1a0cf7ba9a49d099519c80fc9a80a1da335aa940e6a263aa854f,2026-09-02 17:54:11+00:00,30592,1973-01-04,2026-08-26
EZM00011603,EZM00011603.csv.gz,327426,51922368ffdbe3cfaaf5d3e42557e2c75c3e383b33ee374428842bdc3fdff4c5,2026-09-02 17:54:11+00:00,31973,1938-12-01,2025-12-11
EZM00011659,EZM00011659.csv.gz,339652,06a6b06a50015f650fa259077916fc5cf7cbb16e3493cb4a063f54bdf2e9b2d3,2026-09-02 17:54:11+00:00,34233,1954-07-06,2026-08-26
EZM00011723,EZM00011723.csv.gz,327907,241b9ca5f96c164296c8764251030a32f56e9d7927ee05aa5b91802cccd528b4,2026-09-02 17:54:11+00:00,32128,1939-09-10,2025-08-24
EZM00011782,EZM00011782.csv.gz,332402,874748d0097e0e2991b07415658e0e7970e274106bf47b3fd1c1f010994712db,2026-09-02 17:54:11+00:00,32020,1953-01-03,2025-08-24
EZM00011787,EZM00011787.csv.gz,329874,e73091ba28d94370220136a828f51fb2a3bfb888189271dd779539c3ec3b538a,2026-09-02 17:54:11+00:00,28499,1973-01-05,2026-08-26
FI000000304,FI000000304.csv.gz,361161,ad75bb8c9ce47b00f5318a79af199b32c558600c20b7db74367e3ae1e1235985,2026-09-02 17:54:11+00:00,55208,1951-01-01,2026-07-31
FI000002401,FI000002401.csv.gz,509547,6ac0900459f97766a215478246a172ff5aaa71085159ee3c8cfc3bd8f3e5646e,2026-09-02 17:54:11+00:00,54891,1951-01-01,2026-02-28
FI000002963,FI000002963.csv.gz,453598,8e7d68a3c5f3167dc5438bef45f65853c9fd73f4eb4153784478dfe7548cb5f8,2026-09-02 17:54:11+00:00,49513,1957-04-02,2026-08-26
FI000007501,FI000007501.csv.gz,718377,c8cc122a366eb5f51dfb16d54bdd477abe469a37b0e3190d2e56f0dbee1ce156,2026-09-02 17:54:11+00:00,86248,1908-01-01,2026-07-31
FIE00141805,FIE00141805.csv.gz,260315,d7cd15cdef68ade4937fec23ee13546b6588ceb57356168ff722c5f021dc09a8,2026-09-02 17:54:11+00:00,45848,1959-01-01,2026-07-31
FIE00141810,FIE00141810.csv.gz,417482,0d216dcba9f0e7eea7c20c9bc69bf76d261aa71decc8e867528071db374b5c05,2026-09-02 17:54:11+00:00,49307,1959-01-01,2026-07-31
FIE00141815,FIE00141815.csv.gz,236528,d43c3ea3b9b1be25dbb05dce8abc745b1bab77e93fbd9c62d1d8fcb152cbc3d4,2026-09-02 17:54:11+00:00,44151,1959-01-01,2026-07-31
FIE00141855,FIE00141855.csv.gz,257743,e44b5c352bf3b9539f76e1765c24c504718d398da25bfbb6f3d30af576271ab4,2026-09-02 17:54:11+00:00,39818,1972-01-01,2026-07-31
FIE00141925,FIE00141925.csv.gz,297604,057bcd0f96e5466d6be290e4de3c083e57375e32e2191d04134bc29e366c996b,2026-09-02 17:54:11+00:00,49273,1959-01-01,2026-07-31
FIE00141935,FIE00141935.csv.gz,362476,6f4e54723eb92f4e4d1de9f7a0bdbc524feabd7f1ca978793f6bcfe36ecadcee,2026-09-02 17:54:11+00:00,49231,1959-01-01,2026-08-26
FIE00142025,FIE00142025.csv.gz,301899,27e5080641867efc44a7e25d5f118caa18f2f4c65450ec2fca1446e0a4ee7e75,2026-09-02 17:54:11+00:00,46428,1963-01-01,2026-07-31
FIE00142035,FIE00142035.csv.gz,302707,a1560cf796c837c7d02176787ae93d1e02d5577528034a0dd0d774b8c092e245,2026-09-02 17:54:11+00:00,49167,1959-01-01,2026-07-31
FIE00142080,FIE00142080.csv.gz,484311,26a04e3ddc251efed80243ed666c25e854b099b7a2e145cf3456c520b9ea229a,2026-09-02 17:54:11+00:00,53277,1952-01-01,2026-07-31
FIE00142085,FIE00142085.csv.gz,270178,446f209352b0d471424f97940322b807d2f4041ccf9592ffe9d5bb9c2aa1d029,2026-09-02 17:54:11+00:00,46584,1962-09-01,2026-07-31
FIE00142101,FIE00142101.csv.gz,212101,996121071e0cec0f48b50ca6a2eef62057ff4481657842155b0b0f4b60049030,2026-09-02 17:54:11+00:00,27390,1959-01-01,2026-08-26
FIE00142106,FIE00142106.csv.gz,322746,994a9016435a605cee831c8b1b21ca3c53a023262e41e9271f698f20a93e629b,2026-09-02 17:54:11+00:00,49227,1959-01-01,2026-07-31
FIE00142116,FIE00142116.csv.gz,294165,22b3ed7c25306aaea68dd5ed77787531e07378e070fbbc3ae72daa06358febd0,2026-09-02 17:54:11+00:00,49225,1959-01-01,2026-07-31
FIE00142241,FIE00142241.csv.gz,217306,37da2a077f6d30d9bed4f35de3bc87a7889d973f6cd47711ceabbb3d30ad5249,2026-09-02 17:54:11+00:00,36673,1959-01-01,2026-07-31
FIE00142341,FIE00142341.csv.gz,307476,35901239ab47d6b8d232c7a3e0d2f55d92475f44eacd29516f29ca6fd257bc8e,2026-09-02 17:54:11+00:00,49318,1959-01-01,2026-07-31
FIE00142411,FIE00142411.csv.gz,255715,8440137e97e66e00e555aabe66fa6129087d42826eb9f8c55ba52dd258f87f20,2026-09-02 17:54:11+00:00,42903,1959-01-01,2026-07-31
FIE00142511,FIE00142511.csv.gz,414438,6f1f24b9d27329ac59e126cab4afc5aa8ea56debbf9d78ebe66321c6073a116c,2026-09-02 17:54:11+00:00,46998,1952-01-02,2026-07-31
FIE00142706,FIE00142706.csv.gz,194819,ff3113857fd341e4ee48d6ba9216b60d9490897ece619788f46660d5ea4405a6,2026-09-02 17:54:11+00:00,34104,1979-10-01,2026-07-31
FIE00142751,FIE00142751.csv.gz,366244,ed257b39d5791d2c38ee6450b1e4f6acf76030c2d9dbe929411dc5eb0ffe57f5,2026-09-02 17:54:11+00:00,49286,1959-01-01,2026-08-26
FIE00142871,FIE00142871.csv.gz,302690,5a392305539ace7b44e456dc4fac5c529ceb484e5bbb35867b39a602adba87aa,2026-09-02 17:54:11+00:00,46066,1963-07-01,2026-07-31
FIE00143041,FIE00143041.csv.gz,324693,a429ca9d0980bde01faf1a2fee50b051ecf5a72863b7baad2817744ecb41011e,2026-09-02 17:54:11+00:00,49368,1959-01-01,2026-07-31
FIE00143056,FIE00143056.csv.gz,323934,4669f5e7cd84725747ce74ebd94afd42659a60561318cfc882947578c3e9bce9,2026-09-02 17:54:11+00:00,49195,1959-01-01,2026-07-31
FIE00143066,FIE00143066.csv.gz,365687,49e08a37b4882c074a4117ccb6db0b53271cc7e53bc9e9a480c0dd904151b01a,2026-09-02 17:54:11+00:00,49290,1959-01-01,2026-08-26
FIE00143211,FIE00143211.csv.gz,238090,55b3a504501b4cedbb5e959f3f187dd6eacae3bd7540a7ae6f572d77af60df9b,2026-09-02 17:54:11+00:00,36191,1977-01-01,2026-07-31
FIE00143231,FIE00143231.csv.gz,404035,25bb8dee13b9d1fc5bbe27f1d8b2a32da823ff70338912c3e90b801e1038b4c7,2026-09-02 17:54:11+00:00,48753,1959-01-01,2026-07-31
FIE00143316,FIE00143316.csv.gz,106486,4de570395307dc9404f9b7c563ca063dec2caa45cd51c70c0963c9cbc397e94f,2026-09-02 17:54:11+00:00,17172,1959-01-01,2026-07-31
FIE00143381,FIE00143381.csv.gz,445956,180fca0be41a0d468f5d7d0e4a9179cee11873c4ea96feadeff642e37359d62c,2026-09-02 17:54:11+00:00,49368,1959-01-01,2026-07-31
FIE00143391,FIE00143391.csv.gz,285023,8a851e85e168b86a109b302be049459bd01b2c2fbd6e756d566a6996ac630234,2026-09-02 17:54:11+00:00,43430,1966-03-01,2026-07-31
FIE00143586,FIE00143586.csv.gz,274379,3933e08c94534baabdadc286415d268b0c506f2cfcc98aa25de75df74af63be7,2026-09-02 17:54:11+00:00,45246,1964-04-01,2026-07-31
FIE00143596,FIE00143596.csv.gz,325427,01f16694dac9181e04262e35b43bd0757812b0bd99407535a7f45701ac4b1eeb,2026-09-02 17:54:11+00:00,49204,1959-01-01,2026-07-31
FIE00143822,FIE00143822.csv.gz,308015,6bf5d3cf3970f108ffc4a8d93026706067e54f909ae55a21cffc3c1fbb6d39f9,2026-09-02 17:54:11+00:00,49062,1959-01-01,2026-07-31
FIE00143952,FIE00143952.csv.gz,303122,661b934d4071e46028b5b3231ea48cd0666446def2729b2da8a839aa93a83bc1,2026-09-02 17:54:11+00:00,48935,1959-01-01,2026-01-31
FIE00144102,FIE00144102.csv.gz,137225,36ba07d6d2d3926091fd21593fa1e4be6c2a6deb10cfa31e12cf725c26cc815c,2026-09-02 17:54:11+00:00,26615,1974-10-01,2026-07-31
FIE00144132,FIE00144132.csv.gz,369081,9b7a8787bcdc9fed3b6ab4864d69a088f47d481de6c9bc42271116961c823f15,2026-09-02 17:54:11+00:00,49401,1959-01-01,2026-08-26
FIE00144202,FIE00144202.csv.gz,327064,defb3eedf4bd06bd02794048e9da27fffb41b575644ed5d230e59586b64d6ad8,2026-09-02 17:54:11+00:00,49243,1959-01-01,2026-07-31
FIE00144212,FIE00144212.csv.gz,375395,743c78fce4630c981ae2eedb9bc0a6e7e43d49c8bb4d9602dfbb1aa7e5330f65,2026-09-02 17:54:11+00:00,44009,1952-01-02,2026-07-31
FIE00144222,FIE00144222.csv.gz,288713,6ba856925de1491e592040667bc061b3f306984f0b218f9f775d0bec43821a99,2026-09-02 17:54:11+00:00,48719,1959-01-01,2026-07-31
FIE00144322,FIE00144322.csv.gz,367970,6b05543ae4247cf998af2220b0b5d680e49b2f21d80c486c58021e94ec72dd0e,2026-09-02 17:54:11+00:00,49278,1959-01-01,2026-08-26
FIE00144407,FIE00144407.csv.gz,317153,a0f3fa648b19b537203f5c533c7e366a965a1c2c63c8740bbe1d3562e06f9c90,2026-09-02 17:54:11+00:00,49225,1959-01-01,2026-07-31
FIE00144482,FIE00144482.csv.gz,325749,69184c1726bf27d14637489bef8f4142f2d7c3b96b8aa46737a155fbf25c6e9c,2026-09-02 17:54:11+00:00,49330,1959-01-01,2026-07-31
FIE00144557,FIE00144557.csv.gz,270765,5f5fc196c5e60fc24bff0192eea93fcd8ca0a206b23e010f27a750d2674a9007,2026-09-02 17:54:11+00:00,41214,1970-01-01,2026-07-31
FIE00144637,FIE00144637.csv.gz,322278,45be2997e2c3a7f85595ec6c0d90ef673943896e0eed608f084052acdc993755,2026-09-02 17:54:11+00:00,49075,1959-01-01,2026-07-31
FIE00144702,FIE00144702.csv.gz,293774,b3211b70a069c402df856503634048971bcfec4f6e93fb612caef46f4103343a,2026-09-02 17:54:11+00:00,49189,1959-01-01,2026-07-31
FIE00144712,FIE00144712.csv.gz,369754,efde3a183ad6968b25dff10792f4e8474a8780fda879d9c8d16bd94796a1d689,2026-09-02 17:54:11+00:00,49237,1959-01-01,2026-08-26
FIE00144862,FIE00144862.csv.gz,231188,8b1cacc9c729ec3cee81630a95ef4da0f3fe73cd4c49d8201831cfc6c5ba0d4e,2026-09-02 17:54:11+00:00,33973,1980-01-01,2026-07-31
FIE00144877,FIE00144877.csv.gz,424442,87f4638db0fd2cde463e7dfde6cf7136fcbaecf4154b87b453180a1cf19162fe,2026-09-02 17:54:11+00:00,51004,1955-03-06,2026-07-31
FIE00144882,FIE00144882.csv.gz,357332,de1c85345ee2536d86931ac3b5a77f3fc554456050e55bf7719440faee48e539,2026-09-02 17:54:11+00:00,47198,1962-01-01,2026-08-26
FIE00144982,FIE00144982.csv.gz,270214,2d8e4de306ec0f8c3e55911e7191d2ab1ac790da4f25bcb0700003ffd49cbad6,2026-09-02 17:54:11+00:00,40555,1971-01-01,2026-07-31
FIE00145102,FIE00145102.csv.gz,257516,375dd5644ed35169bec4e7657c07e6cc6e93df4cd07a91e000d1f7c6feb9c8d0,2026-09-02 17:54:11+00:00,45238,1961-01-01,2026-07-31
FIE00145242,FIE00145242.csv.gz,323460,2137317f8d9d1aa2dec5edaa484ef16403b5842358a0815738a9ffd1358f00e6,2026-09-02 17:54:11+00:00,49264,1959-01-01,2026-07-31
FIE00145377,FIE00145377.csv.gz,403217,674712903809378f12af3374abc35a91fb2a3f19a1f2fa8fc8a5c11dfa9f30d2,2026-09-02 17:54:11+00:00,52344,1952-01-05,2026-07-31
FIE00145382,FIE00145382.csv.gz,326112,579348474f232df1b949bda22f16bccf9cba604006e8728f313ade31d21acc14,2026-09-02 17:54:11+00:00,49114,1959-01-01,2026-07-31
FIE00145452,FIE00145452.csv.gz,261499,2b82f8602a46ca2b534085ca196920c3b5607f475bb214873e7ac243bf38cee2,2026-09-02 17:54:11+00:00,39829,1971-01-01,2026-07-31
FIE00145622,FIE00145622.csv.gz,378542,45f0e3d48454b9ad3c016c51091c52b0a79728302fc40b105b5650c1e873ac93,2026-09-02 17:54:11+00:00,43219,1957-12-10,2026-07-31
FIE00145627,FIE00145627.csv.gz,371065,dea19146919647218b1832964ddaedbe52bb91bcd27299fbc60b55acb1bb0345,2026-09-02 17:54:11+00:00,49296,1959-01-01,2026-08-26
FIE00145677,FIE00145677.csv.gz,324478,c93906766121cecff18d4571dd1794e9a11164ee82f3ddcea69738d4d98d4587,2026-09-02 17:54:11+00:00,49192,1959-01-01,2026-07-31
FIE00145852,FIE00145852.csv.gz,264323,e11991b55419ca8f4ebe65b9b86bf8e18f40d2d9ecdc5d99ceb702e07c362266,2026-09-02 17:54:11+00:00,45900,1959-01-01,2026-07-31
FIE00146062,FIE00146062.csv.gz,274971,c5591d409951224627aeb7e2b8048b330004082d896a9faa4db78f4026f2f991,2026-09-02 17:54:11+00:00,27470,1957-12-10,2025-08-24
FIE00146067,FIE00146067.csv.gz,292253,4a0ddb93cd7a2c5829ffad4c094b672a5072d47197112bad5c8987d0a431c4a5,2026-09-02 17:54:11+00:00,43814,1966-08-01,2026-07-31
FIE00146162,FIE00146162.csv.gz,345823,824dfedefbb7dff2ea823fddc350c71299cfa3bfb6d76f14eb44ad1eeef8e5e6,2026-09-02 17:54:11+00:00,45743,1964-01-01,2026-08-26
FIE00146187,FIE00146187.csv.gz,269869,77136beaba812a7cd4ab85fddff4623b409962db70b4052cca407dfa6093b3f6,2026-09-02 17:54:11+00:00,40582,1971-01-01,2026-07-31
FIE00146258,FIE00146258.csv.gz,326600,019f5f3a93fc2e90be14edf78a6a22db3559244c23282affc1920c3650d428d2,2026-09-02 17:54:11+00:00,49059,1959-01-01,2026-07-31
FIE00146343,FIE00146343.csv.gz,302170,68d692ec576e386a2d6225c3142c94cfe114be148b7c3d4eaf4c3b39cc10ed15,2026-09-02 17:54:11+00:00,45698,1964-01-01,2026-07-31
FIE00146423,FIE00146423.csv.gz,423095,ca452b86d17898daa498aaf4f364b89d62c6d2ff318977e8b59812c768d34b9a,2026-09-02 17:54:11+00:00,45624,1959-01-01,2026-08-26
FIE00146508,FIE00146508.csv.gz,263112,0d432db275b4f473ab979e238750048248c540b419bcc1af9b0159cbced83016,2026-09-02 17:54:11+00:00,39743,1972-01-01,2026-07-31
FIE00146538,FIE00146538.csv.gz,313409,abf5079538a55fa0c1ae9d56da293f6ed33d33612a546dbf8d66658e5a8f604c,2026-09-02 17:54:11+00:00,47481,1959-01-01,2026-07-31
FIE00146543,FIE00146543.csv.gz,312127,fa9de8fc49f78d42fe2ff48e9575d9170ec9d8bf182e4a4a1731d95099e8e719,2026-09-02 17:54:11+00:00,48723,1959-01-01,2026-07-31
FIE00146563,FIE00146563.csv.gz,230409,f25232ff4b37000fe3887b82e44bbf2260c89acd4a541ccc0e51dd19e917008a,2026-09-02 17:54:11+00:00,34020,1980-01-01,2026-07-31
FIE00146598,FIE00146598.csv.gz,251639,c3a8c3d9ba5527eb297845bec4e6a664f8df6ed25baedb807993fe1240308c53,2026-09-02 17:54:11+00:00,37914,1974-08-01,2026-07-31
FIE00146688,FIE00146688.csv.gz,287778,c8ee06efdbf6100fe81c07db5792ed81cb10588c0f95dbc0003ba012a9d54248,2026-09-02 17:54:11+00:00,49263,1959-01-01,2026-07-31
FIE00146698,FIE00146698.csv.gz,451213,215943c8bc77851a69f1aa3f203376a72df1d79a30509ba91238d726fcd76f4f,2026-09-02 17:54:11+00:00,47212,1962-01-01,2026-08-26
FIE00146703,FIE00146703.csv.gz,256138,ec04aeff94bb3206cbce2a2d318c1348357c6d93b5be0baf981d367b9993ecc2,2026-09-02 17:54:11+00:00,41160,1970-01-01,2026-07-31
FIM00002801,FIM00002801.csv.gz,266252,a39f597bb4b9c3b9fdeaa8a46101aa3cd69dc9db6328aba268a64018b395385c,2026-09-02 17:54:11+00:00,25359,1979-07-20,2025-08-24
FR000007130,FR000007130.csv.gz,489566,11f8d0b0d92077cae97bdba90b972e47a9c436b07231f531283fd1db1dcfb3dc,2026-09-02 17:54:11+00:00,59594,1945-01-01,2026-07-31
FR000007190,FR000007190.csv.gz,587600,33118d0c2c9613b00c3eff19953f23ea66106c3d9731b4f2cff0931456dd4e9f,2026-09-02 17:54:11+00:00,72881,1924-01-01,2026-07-31
FR000007255,FR000007255.csv.gz,489749,d93ec70c04121a1d9f3fb9e5d787c66e4dab06683453755e2a6e020e199f3117,2026-09-02 17:54:11+00:00,59476,1945-03-01,2026-07-31
FR000007510,FR000007510.csv.gz,657443,7d890c1039273524cf63b8caabefb4897fa16de7cf94aa4985da39bc8564e9fe,2026-09-02 17:54:11+00:00,79606,1906-01-01,2026-07-31
FR000007560,FR000007560.csv.gz,501078,ffa7ba05da31da4b3bd19b2d6e9bf8595953dd9e94fed237afe283b25ad0e287,2026-09-02 17:54:11+00:00,52438,1949-01-01,2026-08-26
FR000007630,FR000007630.csv.gz,480647,306f9fce9e569f134df1cff5480a72ac2fbf79fb5b2928a94b221a481c7548c3,2026-09-02 17:54:11+00:00,58134,1947-01-01,2026-07-31
FR000007650,FR000007650.csv.gz,602361,cbed535dd6854556a913fa24697710ea078303dc8b58d6c5f45eb80283401710,2026-09-02 17:54:11+00:00,75537,1921-01-01,2026-07-31
FR000007747,FR000007747.csv.gz,680173,c3d5d65f6946eaa4777a4f0319ea9165a7b39fc12bb58e0a2a3a322fd7578563,2026-09-02 17:54:11+00:00,90482,1901-01-01,2026-07-31
FR069029001,FR069029001.csv.gz,609088,fc875e7a5cb0d6f844227f0f910951f52020e681c76a60b315378d25812f1890,2026-09-02 17:54:11+00:00,77355,1920-09-01,2026-07-31
FRE00104036,FRE00104036.csv.gz,578172,d2e72a40768495c13a7baf2ff72e7b44ac0609bd93f7d85d2db771b242d0e455,2026-09-02 17:54:11+00:00,72862,1922-05-01,2026-07-31
FRE00104040,FRE00104040.csv.gz,490440,6d07bf18cc80d953e7daf85a9fd4b820d2c483d7a988f82a6534e0a9f70778e1,2026-09-02 17:54:11+00:00,59656,1944-12-01,2026-07-31
FRE00104044,FRE00104044.csv.gz,485430,6176982bd2c91e7113a7edf7e94cf9475b0d829dfda39ca757c87c55eec2fac9,2026-09-02 17:54:11+00:00,59048,1945-10-01,2026-07-31
FRE00104052,FRE00104052.csv.gz,486710,08bab04401fbb191cce0f2f0f9952391fd75f6a00b2c97e7bf5d8b9a544c0d83,2026-09-02 17:54:11+00:00,58864,1946-01-01,2026-07-31
FRE00104072,FRE00104072.csv.gz,576277,dde423e5ccc4c9a0257c62d2e6aa3ec8553b6760eea1fe85df3ed86498a4b349,2026-09-02 17:54:11+00:00,73474,1921-05-29,2026-07-31
FRE00104088,FRE00104088.csv.gz,567700,f3a3d17df41b13999c7242ae5b95af77bfb898608584465887869c9c77071a53,2026-09-02 17:54:11+00:00,71337,1921-05-01,2026-07-31
FRE00104092,FRE00104092.csv.gz,592487,715992db35f8e570dd264318b1521ea4c578a187f3343dfc4ecbbc23020efb3d,2026-09-02 17:54:11+00:00,75666,1923-01-01,2026-07-31
FRE00104112,FRE00104112.csv.gz,481441,9f41e6843976a2ddd57e8217e17b66fc3680fbf70b9b6b0a378aa65ee2f3af5b,2026-09-02 17:54:11+00:00,57786,1947-06-24,2026-07-31
FRE00104116,FRE00104116.csv.gz,487264,11f70f791f7d66254ccb2ab9ef632c1f833dd2a4c235215a47dea55ef3b58cc2,2026-09-02 17:54:11+00:00,58864,1946-01-01,2026-07-31
FRE00104120,FRE00104120.csv.gz,484718,6c6e5462753da0d970f64e0a3d3f5f4cfe88c6797fec2a22c01d9d1857d6f288,2026-09-02 17:54:11+00:00,61362,1942-07-01,2026-07-31
FRE00104124,FRE00104124.csv.gz,464767,2b113f718cfa2535d45959ee5afd53b2f213c900ead2abd7c82ab53f789909b8,2026-09-02 17:54:11+00:00,58134,1947-01-01,2026-07-31
FRE00104484,FRE00104484.csv.gz,487666,a15edacb22d4899039f81bce89ebe082c73d89d9eacff876d33b0b9818dea39f,2026-09-02 17:54:11+00:00,59594,1945-01-01,2026-07-31
FRE00104907,FRE00104907.csv.gz,599331,5ff445d54022f9008e93de68526ff210ca657fb344571603550d06f8eb448dcf,2026-09-02 17:54:11+00:00,77400,1920-08-17,2026-07-31
FRE00104937,FRE00104937.csv.gz,528710,1b1db2b7c52c55c21c05184d6d2387c6d384e87dabcc61f357edec31be692dc7,2026-09-02 17:54:11+00:00,70536,1921-01-01,2026-08-26
FRE00106184,FRE00106184.csv.gz,382253,981f0a225e55474fe0e58693b7f3a75f1ab1cd654233e4f55020589bca2fe52c,2026-09-02 17:54:11+00:00,42674,1968-03-01,2026-07-31
FRE00106190,FRE00106190.csv.gz,414040,c7bb05b1e863b3355ff8d99629ead9a2cb08bc9ad86528cf343dc5e4d364ea5c,2026-09-02 17:54:11+00:00,47964,1959-11-01,2026-07-31
FRE00106192,FRE00106192.csv.gz,381861,2ef96f0d946e3f18e8c08f0ee3a08e249563ab200ca7e973742732826d44ef7d,2026-09-02 17:54:11+00:00,58134,1947-01-01,2026-07-31
FRE00106195,FRE00106195.csv.gz,360890,ddaace4e5f68e77b0bc87f59853dfd60ab580ecea60b1b49867f0f20736df7a3,2026-09-02 17:54:11+00:00,39140,1973-01-01,2026-07-31
FRE00106196,FRE00106196.csv.gz,285347,147a8dbe4e25467a4a8f9dcd07fd52a10120771219edd071b6d32f389975a764,2026-09-02 17:54:11+00:00,31119,1983-12-01,2026-07-31
FRE00106200,FRE00106200.csv.gz,397585,be87ea0d3aacb0b60d1cab74de0bfa451d604479216cc7640522f2afa9dc27c7,2026-09-02 17:54:11+00:00,45534,1964-04-01,2026-07-31
FRE00106203,FRE00106203.csv.gz,492315,bb8d96e5fae2841ad32abcf8772cfdb2773bd15eb6426f74876ae7164b985e07,2026-09-02 17:54:11+00:00,59594,1945-01-01,2026-07-31
FRE00106205,FRE00106205.csv.gz,460903,338e77809480668d33a1931d4dd3246e741de3a2bab4191a2c1159e001816e68,2026-09-02 17:54:11+00:00,55027,1949-01-01,2026-07-31
FRE00106207,FRE00106207.csv.gz,478713,b12667d4e2516a0c97cdec793a19cffed4d367394d434d4d077d97a83066e804,2026-09-02 17:54:11+00:00,58864,1946-01-01,2026-07-31
FRE00106209,FRE00106209.csv.gz,456299,e4caf6e92a61544436c299203bee5fdd5d7d4ed4e2b1eb9951efe48d99890ca1,2026-09-02 17:54:11+00:00,56126,1949-10-01,2026-07-31
FRE00171619,FRE00171619.csv.gz,343287,78d1bf27d93b96fa1fa0de2e201466ef9fc3c0413ca5f846da6834540453a72d,2026-09-02 17:54:11+00:00,37440,1975-05-01,2026-07-31
FRE00171623,FRE00171623.csv.gz,567820,af79f7baf8cec8c1ed260af1ad61c76c93d3a03008b00f1544fec4ab71f42819,2026-09-02 17:54:11+00:00,73032,1917-01-01,2026-07-31
FRE00171627,FRE00171627.csv.gz,404066,c959a68f8d89fc829fe1c4f6f39ad5898139c56776806990307b3f5d18687fc7,2026-09-02 17:54:11+00:00,57683,1947-08-04,2026-07-31
FRE00171632,FRE00171632.csv.gz,388571,ca1daf613b91db80c362b9ea7d8dbe6f9ec1dd99f1f4cbe5e17b5e0c873f45fe,2026-09-02 17:54:11+00:00,43646,1966-11-01,2026-07-31
FRM00007005,FRM00007005.csv.gz,295221,464a21084ac24e8cd0f4bf90126c327b0fa112115b380fe8a3450ed7de91c108,2026-09-02 17:54:11+00:00,28795,1973-01-01,2025-01-12
FRM00007015,FRM00007015.csv.gz,268870,ca6a738299b2d2df5542b25959d8e040f4bb00504b5faace115f32f40ed8e59d,2026-09-02 17:54:11+00:00,23480,1973-01-02,2025-01-12
FRM00007027,FRM00007027.csv.gz,276748,4d8e2e3659e9d9612f864ba636845e477b9d656cd76bae3d8c102af13d4e7618,2026-09-02 17:54:11+00:00,25817,1973-01-01,2025-01-12
FRM00007037,FRM00007037.csv.gz,287168,28059c4d0c01a0ac6c04bf16c1b7f4080619f574612cfffebb831fe17a7517a7,2026-09-02 17:54:11+00:00,26868,1973-01-01,2025-07-24
FRM00007100,FRM00007100.csv.gz,279425,4834fbb75a22f81c17d3c949daff88eb13b4d17716bb5fec8441fce812d8998a,2026-09-02 17:54:11+00:00,30757,1973-01-01,2026-08-26
FRM00007110,FRM00007110.csv.gz,278800,d341bf7d7a4cba19bf19d5676406317001301a1fbfe73a6acdeab10328b3d67b,2026-09-02 17:54:11+00:00,25579,1973-01-01,2025-01-13
FRM00007117,FRM00007117.csv.gz,137555,ac47c35780005edefac95d14481d62a259750a99e5dc1c417ee7cac0d7382cbc,2026-09-02 17:54:11+00:00,14516,1984-06-20,2025-01-13
FRM00007139,FRM00007139.csv.gz,297072,8bbb6a426139654719600578fb361186a33a458c96990c554f8f24c9a216927a,2026-09-02 17:54:11+00:00,29370,1973-01-01,2025-07-22
FRM00007149,FRM00007149.csv.gz,519954,49637137192c960c3ba7dddcefabe644efa4dbefcccedd1166f233d8f06cc340,2026-09-02 17:54:11+00:00,60475,1921-03-01,2026-07-31
FRM00007150,FRM00007150.csv.gz,655583,5816831acaac1ec4aa0e779c7655afeb2fe5029cd2431b2e319bfe7efee2d8f6,2026-09-02 17:54:11+00:00,83354,1900-01-01,2025-01-12
FRM00007156,FRM00007156.csv.gz,181936,58164402bb9c29d969ee9133ec5d910c1d34d4c4bdfd3f31edca58379bced433,2026-09-02 17:54:11+00:00,18208,1983-12-18,2026-08-26
FRM00007168,FRM00007168.csv.gz,267139,9cebb32792706f0b5c28fb692c6f2ecf606adc876a6269909f29d50d30ba6f94,2026-09-02 17:54:11+00:00,24141,1975-06-18,2025-01-12
FRM00007180,FRM00007180.csv.gz,289894,e6c33fea7300ca43d9591596729304cfed4429274c8afb2443cabbd6b58791b9,2026-09-02 17:54:11+00:00,26738,1973-01-01,2025-01-13
FRM00007181,FRM00007181.csv.gz,230064,f1fd1acced25153ec252caade84a797b7400a46a0d98f7f9abfdf7620b92ecd1,2026-09-02 17:54:11+00:00,19513,1973-01-02,2025-01-12
FRM00007207,FRM00007207.csv.gz,496033,9248538398d937c2dd3a153454b92b9ae2428c0844e841d421a65b1cc5138c2c,2026-09-02 17:54:11+00:00,63624,1930-04-01,2026-08-26
FRM00007222,FRM00007222.csv.gz,488798,231f526905f87d0594f60d4ad3e84db9a0efdace0de36b0a4c737963861e9bca,2026-09-02 17:54:11+00:00,59354,1945-05-01,2026-07-31
FRM00007240,FRM00007240.csv.gz,277379,63909f8cca40bc86963b758f12d1fa330f050e7e0b001b3d5c3cd2a318ab042b,2026-09-02 17:54:11+00:00,25484,1973-01-02,2025-01-13
FRM00007280,FRM00007280.csv.gz,275666,9ca858375c895e928458b528e8227de77c930cbc29ffae444df1fbbd06aa6cb8,2026-09-02 17:54:11+00:00,24768,1973-01-01,2025-01-12
FRM00007299,FRM00007299.csv.gz,280906,df2cf7dd0274f5188e35039bac81f3e832d171107f6515b5bb8e43f9ca448445,2026-09-02 17:54:11+00:00,24727,1973-01-01,2025-01-13
FRM00007314,FRM00007314.csv.gz,276014,9387f3ba086d1d8bd2b5fef9c5c453f323368df9126b43b3c6aa4539e77cc396,2026-09-02 17:54:11+00:00,29676,1973-01-03,2025-01-13
FRM00007335,FRM00007335.csv.gz,285562,4f053c886096f3533d32a7aef7e79667ff78e4cf6907283d204146ee789a2aea,2026-09-02 17:54:11+00:00,26653,1973-01-03,2025-01-13
FRM00007434,FRM00007434.csv.gz,285788,e19b10dfeae8a5d1486d934293ed2b7a00996c69e64c52cea2968cdc589fe66b,2026-09-02 17:54:11+00:00,26122,1973-01-04,2025-01-12
FRM00007460,FRM00007460.csv.gz,283990,d06d209d7526573a1420d71756d6d61c42f57bd12103568614c02126a2cbaa33,2026-09-02 17:54:11+00:00,26861,1973-01-01,2025-01-12
FRM00007471,FRM00007471.csv.gz,239451,c163d522f78fed2986d854756593c074677fff445e5d666b2347292bed6fc8cf,2026-09-02 17:54:11+00:00,23697,1983-12-01,2025-01-12
FRM00007481,FRM00007481.csv.gz,265430,fd53f031d8afb060981af9467233ba0dd0e8918db2735b2ab3712dbc3ffaba3a,2026-09-02 17:54:11+00:00,23066,1975-05-15,2025-05-19
FRM00007535,FRM00007535.csv.gz,417217,5f597daaa6565875baadbc6f9c1319eb5eb63a3db02c7c112d51408796084635,2026-09-02 17:54:11+00:00,47896,1961-02-01,2026-08-26
FRM00007558,FRM00007558.csv.gz,300341,5a53b52ec240b76a5a2b2e3ad13121be778da7993208e57538a7f5ee1b7d98ed,2026-09-02 17:54:11+00:00,31110,1973-01-01,2025-01-13
FRM00007591,FRM00007591.csv.gz,282986,f5afd40fd9ef7c958bf03713ca2acf0f0c1c7b2c33f02cfd6bdcbda3c37cd563,2026-09-02 17:54:11+00:00,29585,1973-01-01,2021-02-17
FRM00007607,FRM00007607.csv.gz,280012,2234204bc92438326c4abb676b7fec96ec438fe1ad349b92c85b1e7e23592d07,2026-09-02 17:54:11+00:00,26155,1973-01-03,2025-01-12
FRM00007621,FRM00007621.csv.gz,282626,7ab78408136a1a076e5029550bb21a7ac744225e44761218c5302cdfd3df9734,2026-09-02 17:54:11+00:00,26441,1973-01-03,2025-01-12
FRM00007627,FRM00007627.csv.gz,297316,8ad9f913ec93e0bb6cb7ccd2c923fd2173b1f65acb601467ebe166ea531aaf07,2026-09-02 17:54:11+00:00,30738,1973-01-01,2024-04-25
FRM00007643,FRM00007643.csv.gz,290305,e305179d27396310a78e6b48b7aef60613b67b403c27508ec88e6c92d2e1658a,2026-09-02 17:54:11+00:00,28721,1973-01-01,2025-01-12
FRM00007690,FRM00007690.csv.gz,272325,459f0cef1575f4022d2a43ecb0b4dac8dc0f9586c44b57550d261f80457e61e4,2026-09-02 17:54:11+00:00,25643,1973-01-01,2025-01-13
FRM00007761,FRM00007761.csv.gz,276275,a8bec7abe068da8e69818a9d51b38604e8bfa91e3a98ce1d1b4dd10b6ee8a6c2,2026-09-02 17:54:11+00:00,26439,1973-01-01,2025-01-13
FRM00007790,FRM00007790.csv.gz,269123,18f124404cd89adf7f35b9503eb460b46a8c27fcb1504a034dd8ce8fc339d0e6,2026-09-02 17:54:11+00:00,25660,1973-01-01,2025-01-12
FRM00061998,FRM00061998.csv.gz,230388,ddb82f6d9beeaf64b53aa2a4d856912c246ef1ff37c575fccd01b1f48f703caf,2026-09-02 17:54:11+00:00,20513,1973-02-17,2025-08-23
FRW00034048,FRW00034048.csv.gz,166022,2ca8563cc82c7374a20eda6054f4a9d049628d303ce808d5fc64d7427fdbd1f2,2026-09-02 17:54:11+00:00,12389,1951-08-01,2026-08-26
FRW00034051,FRW00034051.csv.gz,146204,a564179234154d9119efb2c590f80d43ab3725ab4569381346ec7d7d85086b98,2026-09-02 17:54:11+00:00,11108,1952-03-20,2026-08-26
FRW00034061,FRW00034061.csv.gz,141791,f7ea3ead7d48eb01984209e40a80dae0db300affcb8b4a3bffe881b8de2d18f7,2026-09-02 17:54:11+00:00,10264,1954-10-23,2026-08-26
FRW00034067,FRW00034067.csv.gz,11859,727974d1f8e8b37779507d3210a0a361e9f6a13eb1e8c427b1e1ea87d5f832c3,2026-09-02 17:54:11+00:00,1412,1958-09-01,2026-08-26
GM000001474,GM000001474.csv.gz,876198,7bf1c8506d53c79ead59725975b77209e722872d7605064ceef60a00e345cb6c,2026-09-02 17:54:11+00:00,99158,1890-01-01,2026-07-31
GM000002288,GM000002288.csv.gz,595651,4c99a4220734792b80810c7d1803cdc42c6f929de75edc8184fba268651e09f1,2026-09-02 17:54:11+00:00,79593,1901-01-01,2026-07-31
GM000002716,GM000002716.csv.gz,647272,e2b2b602ad613d6bb70e6aa9c38da867276c77115b15c92bb68d5c81fe929845,2026-09-02 17:54:11+00:00,73064,1900-01-01,2025-07-09
GM000003038,GM000003038.csv.gz,790903,f9540cdde218f1182f2006addd0c09656a04b6deaaf295b9e6b0d7e618a70c64,2026-09-02 17:54:11+00:00,96247,1890-01-01,2026-07-31
GM000003319,GM000003319.csv.gz,839438,5a1e253b845bf2eeccf0c32af3143d9ed31334b68b88679323ab0da06867b97a,2026-09-02 17:54:11+00:00,109586,1876-01-01,2026-07-31
GM000003342,GM000003342.csv.gz,804151,d8c1b183394da41112a00eb5ba6aea337cdae992497ae99b5a728533d3df8314,2026-09-02 17:54:11+00:00,97576,1893-01-01,2026-07-31
GM000004063,GM000004063.csv.gz,824479,c26142cdda7f3fc60afd128e632a014de4c1c1f1105f8e241c27122a8e8f2c4b,2026-09-02 17:54:11+00:00,107784,1879-01-02,2026-07-31
GM000004155,GM000004155.csv.gz,870405,2a72239c062eb96ce75ebb649e0426be71cd20211afb2942d4ad9286e423ddca,2026-09-02 17:54:11+00:00,91830,1900-08-01,2026-07-31
GM000004199,GM000004199.csv.gz,808149,d9ec24cb8a92f332d190dcdeacaa7affb7941d01b33a0d7dd2b61374ccf8672a,2026-09-02 17:54:11+00:00,106015,1879-01-01,2026-07-31
GM000004204,GM000004204.csv.gz,1095054,102ab78a939f70ba9b736be78452097d3310ad4141efdc73b1adfa85364451cf,2026-09-02 17:54:11+00:00,144757,1824-01-01,2026-07-31
GM000010147,GM000010147.csv.gz,884845,527ee5f420b793ab45f2610c10653fb8046d2f0f96666b278c85822ddba9110c,2026-09-02 17:54:11+00:00,99040,1891-01-01,2026-07-31
GM000010393,GM000010393.csv.gz,694842,30ea0ae2740a9335ca92b1d6c608393c46f34aaaf3be530d526618e66208a5a8,2026-09-02 17:54:11+00:00,87818,1906-04-01,2026-07-31
GM000010962,GM000010962.csv.gz,948142,542b10d40e46df3883463fb1e80f185e74cde6983670701d5a6471701d601775,2026-09-02 17:54:11+00:00,107806,1879-01-01,2026-07-31
GME00102177,GME00102177.csv.gz,456289,7771511ac4d8e2fcea6712a41c5164eff94e62a267781adfd826e2d4c5b8932c,2026-09-02 17:54:11+00:00,54186,1952-05-01,2026-07-31
GME00102185,GME00102185.csv.gz,546030,a4e1baee9813b64a324b407842b8b8e33b916908de0f79afaac080f3c1b1f236,2026-09-02 17:54:11+00:00,63216,1937-01-01,2026-07-31
GME00102193,GME00102193.csv.gz,522466,866782216e5d27ca0a7b513ea09cf3aa2dd439d6f07418c2cc6abe5c6189e8fe,2026-09-02 17:54:11+00:00,58126,1947-01-01,2026-07-28
GME00102201,GME00102201.csv.gz,428482,1912139db40659383a8f3b6e1512beabd7c484cb936607eb6d73e5f12aa8b942,2026-09-02 17:54:11+00:00,50950,1948-01-01,2026-07-31
GME00102212,GME00102212.csv.gz,515465,fd29e886efbbebb282f83b694e8c88406b7c47ea696cb43faf45e6e26cdf99ab,2026-09-02 17:54:11+00:00,58134,1947-01-01,2026-07-31
GME00102220,GME00102220.csv.gz,589649,8052ee6b618758f1beafcd264bf56dd1e82536b712d4caf35eb6f400714c80f7,2026-09-02 17:54:11+00:00,73238,1898-03-01,2026-07-31
GME00102228,GME00102228.csv.gz,318792,a9e1ec5852600adccab3b404709b7e808bb2cd6fb7ddc4e6f12f03f62328a681,2026-09-02 17:54:11+00:00,35222,1955-01-01,2026-07-31
GME00102244,GME00102244.csv.gz,659888,c7a9e75caebf6100aae16e99b4070db4de99ba5acd18946b37d669fb255fe79a,2026-09-02 17:54:11+00:00,65671,1935-01-01,2026-07-31
GME00102252,GME00102252.csv.gz,908537,337ecb98bae60f03663ffa5f84645276eda09f733a12b3ba57b194bd9e069fa6,2026-09-02 17:54:11+00:00,104940,1881-01-01,2026-07-31
GME00102268,GME00102268.csv.gz,465843,477d648afb13dc1e04a019a7cbe7c8257715b8e7b9b8e525bf81c4dc500ea8fe,2026-09-02 17:54:11+00:00,48505,1937-06-02,2026-07-31
GME00102292,GME00102292.csv.gz,511153,f83c5fb014e7ead0adccb14787b11e123166839785891887a824c76ff7abbd32,2026-09-02 17:54:11+00:00,51024,1934-01-01,2026-07-31
GME00102308,GME00102308.csv.gz,865726,1fde0606f31b79864c2718b7dd9f3fe12862cda4197017e87b38e268ebbf3683,2026-09-02 17:54:11+00:00,97202,1880-01-01,2026-07-31
GME00102332,GME00102332.csv.gz,315809,3f9df41bbb5c3aff34aaf94bc72c3c8d248950dfb089585f4e180d957fe88803,2026-09-02 17:54:11+00:00,34758,1979-01-01,2026-07-31
GME00102340,GME00102340.csv.gz,536015,450e126a5ed236cedc3d991c39c75deba1d27a138b4f17083f383061fbdfb5ca,2026-09-02 17:54:11+00:00,60715,1935-01-01,2026-07-31
GME00102348,GME00102348.csv.gz,855394,08768cca877e6782a96e4a99cca4bc3def392547ba2216535e502be440ae56e7,2026-09-02 17:54:11+00:00,96184,1890-08-01,2026-07-31
GME00102356,GME00102356.csv.gz,555935,664f1e889f17ec4a2688697c1e4c42c3520091ac795536b5336ffc83899d30c3,2026-09-02 17:54:11+00:00,60100,1937-05-12,2026-07-31
GME00102364,GME00102364.csv.gz,609491,cbaa45971283373c593ff077af64670122a448063620cacb0e9352cea3cdc972,2026-09-02 17:54:11+00:00,61964,1936-01-01,2026-07-31
GME00102372,GME00102372.csv.gz,541433,f68d4730f907c60a3352d856c44a1c98b7637cf8b04aaaaf3c455fc3f361ab05,2026-09-02 17:54:11+00:00,55212,1951-01-01,2026-07-31
GME00102380,GME00102380.csv.gz,842330,6858caed03c476edc5395b46dcecd9759cb61e92ab64ea92cae77341d8f0f70b,2026-09-02 17:54:11+00:00,95945,1879-01-01,2026-07-31
GME00102388,GME00102388.csv.gz,395320,70355baf24a949ce5659dcd37c79cff7cce2faad2214446c52c7bf98845e7ca7,2026-09-02 17:54:11+00:00,41707,1951-01-01,2026-07-31
GME00102396,GME00102396.csv.gz,590878,0295f7095cd2cee5562dae92be7aa1f71cb3af8e92acd118f3e139f23a9217a4,2026-09-02 17:54:11+00:00,59957,1941-01-01,2026-07-31
GME00102404,GME00102404.csv.gz,399493,623fccd7b99c4f37fc178ea8f695fe3b871abe27953d90d5f2444aa787aa360e,2026-09-02 17:54:11+00:00,39262,1972-11-01,2026-07-31
GME00102412,GME00102412.csv.gz,569280,17f10084c0791ae21bf22f9a0e2a25356dea395edf5781e259fe01530f010897,2026-09-02 17:54:11+00:00,54472,1952-01-01,2026-07-31
GME00111430,GME00111430.csv.gz,264710,90e4d8bad740924c9be75582cacb5dc278737744af29bdc59d27e5b7789b53b6,2026-09-02 17:54:11+00:00,26906,1989-10-01,2026-07-31
GME00111445,GME00111445.csv.gz,591581,a7046cabb8eb24dfc0fd384d957b9473302c680768514875085f37b18db407a0,2026-09-02 17:54:11+00:00,63977,1931-01-01,2026-07-31
GME00111457,GME00111457.csv.gz,883877,ba6cf2e2e4d13069d36801216dc740fb6b0b37ddb026927158a9d10bd419dbbd,2026-09-02 17:54:11+00:00,98208,1887-02-15,2026-07-31
GME00111474,GME00111474.csv.gz,573096,e881bbe41a5f1e7678eda20f241ae21ec8accfc960dae5913ca37f67acf5b2aa,2026-09-02 17:54:11+00:00,61992,1932-07-14,2026-07-31
GME00111503,GME00111503.csv.gz,346539,964cbe1af3138ee69dd59f726522816cc2c33e62ad6ecb73fff6d059fca138a0,2026-09-02 17:54:11+00:00,40350,1948-01-01,2026-07-31
GME00111512,GME00111512.csv.gz,435293,3e82c236e4f33c9a9ae00cc580c72296fd7cd1b924c08b9b08035412de4a87ca,2026-09-02 17:54:11+00:00,53594,1953-01-01,2026-07-31
GME00114621,GME00114621.csv.gz,832033,54db6c3094a9ecb6585afbec0ec7c62b02483f01044193a6840a285b78273689,2026-09-02 17:54:11+00:00,92283,1896-01-01,2026-07-31
GME00115771,GME00115771.csv.gz,406907,cb38884eaababe5fe4c661498b502450237416b224417df47f68074f2c946292,2026-09-02 17:54:11+00:00,50060,1958-01-01,2026-07-31
GME00120934,GME00120934.csv.gz,580493,7195eaefd9140a416127659d5ee1fa196318ca49b4a24806d7d3f577df5e9498,2026-09-02 17:54:11+00:00,61392,1936-01-03,2026-07-31
GME00120946,GME00120946.csv.gz,499798,ca1042115045d6ac84e4cb42c6567462898bc6f4ee9c68e3b61572ddb18b5aae,2026-09-02 17:54:11+00:00,55620,1949-01-01,2026-07-31
GME00120970,GME00120970.csv.gz,466037,b73da27d447cbdcb954f95dfcfb1a9a816b1bb46896e45edd9ebab8eb35c8459,2026-09-02 17:54:11+00:00,54482,1952-01-01,2026-07-31
GME00120982,GME00120982.csv.gz,551496,c25ff0d2d930b3bb5065d4a99ee13573eecfef7ff45e98b9d3a2860b7e3489e6,2026-09-02 17:54:11+00:00,61764,1939-01-01,2026-07-31
GME00120994,GME00120994.csv.gz,722835,29ed6a888654ac4475d96d06e2015d85387db6a4914fb66c7fa92760631acec9,2026-09-02 17:54:11+00:00,85278,1908-05-17,2026-07-31
GME00121006,GME00121006.csv.gz,365470,ec2c83273e2cb19b3a9ea48dc99775743ac8eb42137781f836e43248de2afc6e,2026-09-02 17:54:11+00:00,40957,1949-01-01,2026-07-31
GME00121018,GME00121018.csv.gz,481145,6cd19809dcfc89c944958195143b17c7e095ce2ada7afb59ba44ba51e5c9b5ef,2026-09-02 17:54:11+00:00,58115,1947-01-01,2026-07-31
GME00121030,GME00121030.csv.gz,272414,3d30457d0ff05c0227f76f64cc7337edaef38da8ea726da35cc813fad1dc39be,2026-09-02 17:54:11+00:00,28954,1935-01-01,2026-07-31
GME00121042,GME00121042.csv.gz,601822,e50af85fe0510d239bb9c8cdaecb33ed9479f52a3aada8b0b1d8c80b9d83eedc,2026-09-02 17:54:11+00:00,57486,1931-04-01,2026-07-31
GME00121054,GME00121054.csv.gz,523449,68d07f769ae442facabffb08062a69415ea6e580845bf881a458f8d26ae31362,2026-09-02 17:54:11+00:00,53445,1950-02-01,2026-07-31
GME00121078,GME00121078.csv.gz,524862,038c8296682f9f085e0f930bc8fcb2207b5b2043bd8006619b13e9a660b5fcca,2026-09-02 17:54:11+00:00,56529,1937-10-01,2026-07-31
GME00121090,GME00121090.csv.gz,672712,0d1d207bd23a6d5fb0b3b2427533436077aa5d985783185d17c4c62f1daeec0e,2026-09-02 17:54:11+00:00,84122,1902-01-01,2026-07-31
GME00121102,GME00121102.csv.gz,510738,cfe0ba3742462b827e27d300821233f86d7efa4f01dd1b2ea9b458a444d3810a,2026-09-02 17:54:11+00:00,58134,1947-01-01,2026-07-31
GME00121114,GME00121114.csv.gz,749391,41f0bd399c732ef150b26e8dce358359b987024fcb989163aeb50d6a4f1233e1,2026-09-02 17:54:11+00:00,84916,1910-01-01,2026-07-31
GME00121126,GME00121126.csv.gz,594383,cef57de94b59571e504add265f5b9f72076a9d614f68422b364079737ab2c221,2026-09-02 17:54:11+00:00,57894,1947-05-01,2026-07-31
GME00121138,GME00121138.csv.gz,756527,3dbfad43d65672c734fd9be78886a4eae6b9d5f6808e5868beda568e5d4bcbc5,2026-09-02 17:54:11+00:00,88743,1879-01-01,2026-07-31
GME00121150,GME00121150.csv.gz,441460,e7979ccaae35e3d8dfbb98073e2b01b01225a38ec844364ae2dd3038a0f1597a,2026-09-02 17:54:11+00:00,46283,1936-07-02,2021-05-04
GME00121162,GME00121162.csv.gz,528003,c60a276e905b7bfd02fa434a1081a3dd0acff0b537f1c56e98d4fa8c24fa9cef,2026-09-02 17:54:11+00:00,57954,1947-04-01,2026-07-31
GME00121174,GME00121174.csv.gz,553684,4939a407e07dd3f3077f9b7648f6faca2d430f9252366fc9a2d8d2a2db2fbc71,2026-09-02 17:54:11+00:00,60746,1936-01-01,2026-07-31
GME00121186,GME00121186.csv.gz,517259,86f3efc23d97c9b8891bb5c9e49bc55a9a3899ce4a171722b922e38ac08f0c70,2026-09-02 17:54:11+00:00,58134,1947-01-01,2026-07-31
GME00121258,GME00121258.csv.gz,815779,2536d3212f179f9c00217e0fcfcbe25546364a643d07fb99264d0b05761f716a,2026-09-02 17:54:11+00:00,97793,1888-11-01,2026-07-31
GME00121270,GME00121270.csv.gz,521654,fe110060ce92e9481c5e85752fbc15b5e63b5616aa251c90458b752e1ad3f0d9,2026-09-02 17:54:11+00:00,58848,1946-01-01,2026-07-31
GME00121306,GME00121306.csv.gz,572665,1186b1586947d8477998bd84c0b77cb7612a84d2715433d89eb41bd72ed9c4c5,2026-09-02 17:54:11+00:00,56832,1948-07-01,2026-07-31
GME00121354,GME00121354.csv.gz,432165,d485148f3d09dc1a2358b8c7f9984c4b74447bab66c8cdd398790feb3009914d,2026-09-02 17:54:11+00:00,53626,1949-01-01,2026-07-31
GME00121366,GME00121366.csv.gz,371322,3c9581963f63d1823344894f1525756127ffe9edadf2be308067232187f770c8,2026-09-02 17:54:11+00:00,42110,1936-01-01,2023-08-13
GME00121402,GME00121402.csv.gz,421544,4581bbc522c13c72337d431e0b5c01e640f22bde0643020704c518e7c3355e6a,2026-09-02 17:54:11+00:00,53022,1952-01-01,2026-07-31
GME00121510,GME00121510.csv.gz,364835,a084dad127a6c78328f9ec8d7df97d7351d32cee74f720f0eff2593e665cb3cf,2026-09-02 17:54:11+00:00,35010,1978-01-01,2026-07-31
GME00121534,GME00121534.csv.gz,500240,c3a9e3218c746ec127eeaf36f721f12dad3a016d9502acf33604aea95f857eec,2026-09-02 17:54:11+00:00,46446,1963-01-01,2026-07-31
GME00121582,GME00121582.csv.gz,442192,0e2ffd2ab68e35facfc5fd0c9d14aa010bd68ab3829da2061a731addba7f15f2,2026-09-02 17:54:11+00:00,48936,1955-01-01,2026-07-31
GME00121654,GME00121654.csv.gz,546879,8cd3c8e79db30928501f9876981ed8625599f80f42976d99d24a3e0b5a0235cf,2026-09-02 17:54:11+00:00,61419,1941-01-01,2026-07-31
GME00121702,GME00121702.csv.gz,445259,e0e5eeb5136adbf168fb1b5247c4aea1dbde787d8fe883bbb94f221d66a3a9d7,2026-09-02 17:54:11+00:00,54492,1948-06-01,2026-07-31
GME00121714,GME00121714.csv.gz,197900,b23720494f461aa06684ed3894583633c95c188eb78c9915ba0a2f8f8db703eb,2026-09-02 17:54:11+00:00,24774,1987-11-01,2026-07-31
GME00121750,GME00121750.csv.gz,316936,0bd0b5a972c38b03c19acb80b181ecadc30a55b603dec8b4b4658b2c089b23a4,2026-09-02 17:54:11+00:00,37061,1975-11-01,2026-07-31
GME00121846,GME00121846.csv.gz,409153,1ed19e5d673a7b097e09d08ff3402798758e4824932bfc296d398e49d5b9a675,2026-09-02 17:54:11+00:00,45474,1964-05-01,2026-07-31
GME00121882,GME00121882.csv.gz,476786,758c92c437523438f085712e4a4383e753e212413e992aa3574b6fb86a63677d,2026-09-02 17:54:11+00:00,55942,1949-01-01,2026-07-31
GME00121930,GME00121930.csv.gz,457266,b93f24fe0fb382ffc17e280d54d093e04bd0d0db5b6a746fb4f8c721db6fff99,2026-09-02 17:54:11+00:00,56798,1948-09-01,2026-07-31
GME00121966,GME00121966.csv.gz,491369,f09f2cba6df1e086cd0fea8baf2bce613b52bbf618a001203679810b65ff66b2,2026-09-02 17:54:11+00:00,60189,1938-01-01,2026-07-31
GME00121978,GME00121978.csv.gz,517756,a1b625ec1025c63439a57762b90fdc60560f20a0967903ceb44b0fb8346c7983,2026-09-02 17:54:11+00:00,63980,1935-01-01,2026-07-31
GME00122002,GME00122002.csv.gz,554913,11c30f2e65d0128aeabaa9f9f11b0d8b5911c92966cfa8a2e02429160b8d8beb,2026-09-02 17:54:11+00:00,63308,1937-01-01,2026-07-31
GME00122038,GME00122038.csv.gz,377332,72f34f975df6fbbf6c7055fe6e6f371507dc209a4425042c42c30cefff2794a1,2026-09-02 17:54:11+00:00,43514,1966-07-01,2026-07-31
GME00122086,GME00122086.csv.gz,478328,a69b983556f484f8234ebf92990ab384a9de19df637201b1786d972dacab7a20,2026-09-02 17:54:11+00:00,57158,1948-01-01,2026-07-31
GME00122326,GME00122326.csv.gz,429339,06969afb88d30f0d8a3116161e6c85d6429a6dbe59305b4e253c2ee412409fb6,2026-09-02 17:54:11+00:00,52836,1949-10-01,2026-07-31
GME00122362,GME00122362.csv.gz,219624,33fafa4a76c7b69ddfafb383af53374ea1f3a4b7514ef5b64d635ca2fb4017a5,2026-09-02 17:54:11+00:00,29582,1985-11-01,2026-07-31
GME00122410,GME00122410.csv.gz,420188,6ed9fbc0dbcd894c866dc341a5c1553cdddb3b9e7a69e8cfc7a43f916bef5563,2026-09-02 17:54:11+00:00,52290,1955-01-01,2026-07-31
GME00122458,GME00122458.csv.gz,722820,1475cd3e514567aea07b1180fc862e344a4e7f3d8e8cf927f447ea39b6837762,2026-09-02 17:54:11+00:00,86082,1881-01-01,2026-07-31
GME00122482,GME00122482.csv.gz,323231,c3c49444d0d04624e08a17879ae75a29aa2f29ea7f23674217caa911f2700f2c,2026-09-02 17:54:11+00:00,40518,1970-11-01,2026-07-31
GME00122542,GME00122542.csv.gz,432287,12849e159794e28c26a59e2250481ef69298f87172a8f117dbc1674772354e89,2026-09-02 17:54:11+00:00,53845,1947-02-01,2026-07-31
GME00122566,GME00122566.csv.gz,427568,5235edc96e52fc8d844f5291373ee337b2b7c8a4fed898225220f16d0118b2a0,2026-09-02 17:54:11+00:00,54294,1951-01-01,2026-07-31
GME00122602,GME00122602.csv.gz,465691,53f79858054a7a5c2ce2c57358a5587f51457536c013114bf2d06e1ba29ee0f0,2026-09-02 17:54:11+00:00,58016,1947-01-01,2026-07-31
GME00122626,GME00122626.csv.gz,405731,0a43c2712e46568bfeb6cf4230fe56d50482a5361667416ec926d43208ad52a2,2026-09-02 17:54:11+00:00,50324,1949-01-01,2026-07-31
GME00122638,GME00122638.csv.gz,465060,88a16d4a4e218c6fc71bd7d52e3ded6d2a6bd6151901a13f3078a661c0463a3f,2026-09-02 17:54:11+00:00,58015,1947-01-01,2026-07-31
GME00122698,GME00122698.csv.gz,613260,37d109ef037a341fb1a23872401577e4e027077acb2b1e99294bc2d88f172388,2026-09-02 17:54:11+00:00,76080,1884-07-01,2026-07-31
GME00122746,GME00122746.csv.gz,395228,c03e5c1be6411f8770f3691f1948bda3e5bd9fea5845ce22e7f0caa13520fe81,2026-09-02 17:54:11+00:00,45899,1963-10-01,2026-07-31
GME00122770,GME00122770.csv.gz,305557,cbf1f365082de0d1778c84f42378db535e052afe39d418e90fab8df8283f728b,2026-09-02 17:54:11+00:00,38656,1970-01-01,2026-07-31
GME00122782,GME00122782.csv.gz,418963,6f594227b6ef21ce8433a0ff9456a96b3d7c1a72b6a2b0732fbdd4968ef43b9f,2026-09-02 17:54:11+00:00,53219,1953-01-01,2026-07-31
GME00122842,GME00122842.csv.gz,468359,526a3045c23e211509886dfdc61c58ee0be0decb8b39f694aa8ff5396d364c3b,2026-09-02 17:54:11+00:00,55173,1949-01-01,2026-07-31
GME00122902,GME00122902.csv.gz,563289,f9d00630b07ed0c67f64e2ba02883ae5e751a2dfb9410f74ba81e286226371a8,2026-09-02 17:54:11+00:00,69351,1927-01-01,2026-07-31
GME00122938,GME00122938.csv.gz,207107,3858a4790cc65514fbe313d839429056ef2de04022aea768500268506520f8a9,2026-09-02 17:54:11+00:00,25992,1991-01-01,2026-07-31
GME00122962,GME00122962.csv.gz,412547,da014d32e75544a38a85a2ad9be4f79089e6c47c314a1abd254eee66812f5932,2026-09-02 17:54:11+00:00,50528,1957-05-01,2026-07-31
GME00122974,GME00122974.csv.gz,388145,efccd0bc21cdde4e58636991fce9cf039e3780fa60f85002ff4dc167eedc020c,2026-09-02 17:54:11+00:00,48326,1951-01-01,2026-07-31
GME00123058,GME00123058.csv.gz,338054,3c81daf3583bbbe77c9f0a63f09511c695e511a56d00db2efc56b782b24c882e,2026-09-02 17:54:11+00:00,42560,1967-01-01,2026-07-31
GME00123142,GME00123142.csv.gz,298908,456fe283856e3f1ab115edb5d0202826dda9ec3136070ec3a99bfd9fb1cbede9,2026-09-02 17:54:11+00:00,38622,1973-01-01,2026-07-31
GME00123190,GME00123190.csv.gz,232821,22ec7843b42dc9323479337c26dba236077ad06c1afc944a4b80239480d3358d,2026-09-02 17:54:11+00:00,29464,1986-04-01,2026-07-31
GME00123226,GME00123226.csv.gz,412319,db1f03443521d8b3fc3ca86b775f2e37230c3d165fdb81a40ae58046cf49935d,2026-09-02 17:54:11+00:00,52754,1952-01-01,2026-07-31
GME00123274,GME00123274.csv.gz,375424,759fa1b87b72c1ab55521e1ca99c554964f7cb7b2e65019eace8a572480274f3,2026-09-02 17:54:11+00:00,46904,1962-05-01,2026-07-31
GME00123310,GME00123310.csv.gz,514553,b7f55f6fd940e0d1b9d9a8755da69e3d66f61d3a9d4728d50e6bdba921b9661a,2026-09-02 17:54:11+00:00,52986,1954-01-17,2026-07-31
GME00123418,GME00123418.csv.gz,462815,3be1192a8f9700480f3adc016e126ebfc9f97ef1ada0b31105e2217700a6b779,2026-09-02 17:54:11+00:00,59083,1945-05-01,2026-07-31
GME00123466,GME00123466.csv.gz,490174,13f1f7ce98c84d9ac9ad9d8d0154bf1c8c4223fe4e140b5edcda2ad1fc77735e,2026-09-02 17:54:11+00:00,57538,1947-01-01,2026-07-31
GME00123574,GME00123574.csv.gz,375364,1ef6f889d6626f048228ddd3059fa796d3a3f94882755fbd8416b45515954fdd,2026-09-02 17:54:11+00:00,45223,1963-01-01,2024-11-30
GME00123694,GME00123694.csv.gz,456521,185e30019c0162a88280f1e35fac8f57eaffe984b12fb35af60b4549836571e4,2026-09-02 17:54:11+00:00,56672,1949-01-01,2026-07-31
GME00123718,GME00123718.csv.gz,231200,8b7ce06de82875e6bd372d302ee2b9b319a2c1540698fb4fd59637e095ff0d6b,2026-09-02 17:54:11+00:00,17226,1991-10-01,2026-07-31
GME00123730,GME00123730.csv.gz,503715,bc751f35c797447adb5dffa2fbe6776581b2d83e69fdb20dc65f92305708494e,2026-09-02 17:54:11+00:00,62090,1941-01-01,2026-07-31
GME00123754,GME00123754.csv.gz,473531,03594c1d2a8f3283ddcd76cd707f90c746bf7cf08e1a998f06e8c1a60bcaf7c5,2026-09-02 17:54:11+00:00,60613,1931-04-14,2026-07-31
GME00123778,GME00123778.csv.gz,500964,74a59207a81140f4c11e7caf5a21f77bbd2244b9355d902d7adcd87d2404a212,2026-09-02 17:54:11+00:00,63465,1937-01-01,2026-07-31
GME00123838,GME00123838.csv.gz,351027,934299e55f361bca9db2a5b43f28635ceef2f9298f67db0ebfff6a6bb05b4332,2026-09-02 17:54:11+00:00,36095,1977-01-01,2026-07-31
GME00123862,GME00123862.csv.gz,163541,854046c65727a1b7beb82f08090794325194e64c10405214e1168972ce7c29e7,2026-09-02 17:54:11+00:00,22038,1947-01-01,2026-07-31
GME00123934,GME00123934.csv.gz,281501,07bedd421d92ac38a8fe8c3b5dd1a19bc56eeb3a0aa52ba0096613b8594c6128,2026-09-02 17:54:11+00:00,35610,1977-11-01,2026-07-31
GME00123970,GME00123970.csv.gz,260031,fe5efcbaffbb9febe949a5c96c92eb54ddeac7e4064bf721ae3b0355495ae4bb,2026-09-02 17:54:11+00:00,31898,1982-12-01,2026-07-31
GME00123994,GME00123994.csv.gz,352507,90fe3280dbbf015160b8e27d07e6de1a2f49b39b485af11119a85a9f1c053fe6,2026-09-02 17:54:11+00:00,44005,1951-01-01,2026-07-31
GME00124102,GME00124102.csv.gz,196660,55a1a465ffef853cff1b2fea85914439877d614426e4881979d09ae7ae03c06a,2026-09-02 17:54:11+00:00,24774,1982-10-01,2026-07-31
GME00124318,GME00124318.csv.gz,461767,a36fa17a4668b03a25b8274f78f9be8eebdf988093a9d34adda05ced6a117b82,2026-09-02 17:54:11+00:00,57988,1947-01-01,2026-07-31
GME00124366,GME00124366.csv.gz,450487,275a09cf82ffdee3b55ad1c481cf7f400569c646ec45b096f7a7e2075dc80996,2026-09-02 17:54:11+00:00,57525,1947-01-01,2026-07-31
GME00124486,GME00124486.csv.gz,792871,5f2e584f178340c3d063e5e668cc68182caddcd18c893d1391a96da29acdc402,2026-09-02 17:54:11+00:00,91802,1887-07-01,2026-07-31
GME00124498,GME00124498.csv.gz,456611,e4dc4ab74871b99fe1ae6796ecec8482bd6115fc31b4ca41478f8954e0b7c18e,2026-09-02 17:54:11+00:00,56610,1949-01-01,2026-07-31
GME00124510,GME00124510.csv.gz,476366,2bf8ba7e9a0c3a088d25158c4d080923714f50891b2799b4b40b66b48ed7c888,2026-09-02 17:54:11+00:00,58864,1946-01-01,2026-07-31
GME00124522,GME00124522.csv.gz,448228,3580a9814b137f98336866d1407368515702520ba10a08d0b0a970bb15499b41,2026-09-02 17:54:11+00:00,56065,1947-01-01,2026-07-31
GME00124534,GME00124534.csv.gz,298593,e69a5abea67f986993900207c8cca4b94e809951e1884d217b45ee7a23b7c5a9,2026-09-02 17:54:11+00:00,31714,1982-11-01,2026-07-31
GME00124546,GME00124546.csv.gz,526446,ef35a871439942bb4cc7ec971231e80d04feb63c2fe53e3bad8ea9d1af79fb8f,2026-09-02 17:54:11+00:00,65214,1936-01-01,2026-07-31
GME00124570,GME00124570.csv.gz,399860,b91b7e6f1f46d6cc480b5ff37fc51219df559dc9c414df44cde5637a2e6c8a77,2026-09-02 17:54:11+00:00,49175,1958-01-01,2026-07-28
GME00124606,GME00124606.csv.gz,636564,e3b87e15d790cd7b86b28bd2328357bfac83a1580df02b2f7a8a283d6d144636,2026-09-02 17:54:11+00:00,79144,1904-10-01,2026-07-31
GME00124678,GME00124678.csv.gz,439280,28a5db859569980547f816c253fe7f05bd69e1ff2f51c4fbce83efceccc457d0,2026-09-02 17:54:11+00:00,55198,1951-01-01,2026-07-31
GME00124726,GME00124726.csv.gz,383412,98c58f5d57a0cadec05471e7bb0aed421f43d562ab4f3ba91e4ea39a6b7715ad,2026-09-02 17:54:11+00:00,47906,1961-01-01,2026-07-31
GME00124774,GME00124774.csv.gz,205341,5e465bba48ee360f9ea2662e9afc50c12dc47d3aeb6187cd0acfd692f6a02b42,2026-09-02 17:54:11+00:00,25482,1991-08-01,2026-07-31
GME00124810,GME00124810.csv.gz,478296,0acb6913ad1f897e90b8b9ca03e870d8cfc40681c67d6af1c5f4a1d499002b41,2026-09-02 17:54:11+00:00,55941,1949-01-01,2026-07-31
GME00124930,GME00124930.csv.gz,447909,04f5d1f03abcafa5b865d6dc0f5efa69ae9dc55b015bc1f786f2fbabf96b1482,2026-09-02 17:54:11+00:00,55263,1949-01-01,2026-02-28
GME00125074,GME00125074.csv.gz,500843,acbd568768bc3cea866d3f0de786b2a533b697707837c5fcd1622b1abaa82ebf,2026-09-02 17:54:11+00:00,50391,1947-04-01,2026-07-31
GME00125146,GME00125146.csv.gz,291957,4aaf33add30f1cde21770d60896bae68b103ce79734e4c0dd75747bd64849eb0,2026-09-02 17:54:11+00:00,37721,1974-11-01,2026-07-31
GME00125218,GME00125218.csv.gz,866801,fe43ff2563333b343bc3c7b3a80661b6408a077d46cb5794608218be6247945a,2026-09-02 17:54:11+00:00,103963,1863-12-01,2026-07-31
GME00125230,GME00125230.csv.gz,419666,de9457c2a1d687137f18806b5a3f040ad115fc670b45abd657076a44740cd26a,2026-09-02 17:54:11+00:00,46925,1962-04-01,2026-07-30
GME00125302,GME00125302.csv.gz,450240,8bb471482f0d285d91bee9b3e11ea7ab9004cb5c9d558d045a1f55738b9fbd7f,2026-09-02 17:54:11+00:00,57498,1945-01-01,2024-09-01
GME00125314,GME00125314.csv.gz,206459,6bbc7cd1a65ee65365ba1874d6afdb7293d9eb37cd44a2366ba800ac80b8f890,2026-09-02 17:54:11+00:00,25990,1991-01-02,2026-07-31
GME00125326,GME00125326.csv.gz,316952,5b2f974d4b0c72f8b85e20c8d02f4f7368cec8f0f02b79d88e9140ef8a0c2537,2026-09-02 17:54:11+00:00,44204,1947-01-01,2026-07-31
GME00125422,GME00125422.csv.gz,265300,bb7343d14e3b3febcb45a5932455ba95db847071989801d714d136559c92fffe,2026-09-02 17:54:11+00:00,33358,1980-12-01,2026-07-31
GME00125434,GME00125434.csv.gz,317160,879ecb2c4d1495146fa7ddd5cb3774bc6bbd43084b39c720fff5de4ae823ff00,2026-09-02 17:54:11+00:00,25952,1991-01-01,2026-07-31
GME00125530,GME00125530.csv.gz,200633,b1d8ee19cd99c13da7fad5f5d3f6ab5fe56116266df2248ec4b0ff8fc4efc275,2026-09-02 17:54:11+00:00,25436,1991-10-01,2026-07-31
GME00125554,GME00125554.csv.gz,232478,29c406117cf4a39208507a070b1994aaa02c505b05a6bf061a6581fc260aeded,2026-09-02 17:54:11+00:00,30210,1985-03-01,2026-07-31
GME00125662,GME00125662.csv.gz,452882,30162b46c9e6378921e521bd6a0c92517a3c9d515733f5142c8079cb0a1b779d,2026-09-02 17:54:11+00:00,56653,1948-01-01,2026-07-31
GME00125686,GME00125686.csv.gz,344884,d1f7a6f1dfe44e96c0526347581e7e729fa947a9ff989d97d8fe508e265f2da2,2026-09-02 17:54:11+00:00,42614,1953-01-01,2026-07-31
GME00125698,GME00125698.csv.gz,455412,f6a57a755c75219a7f07d54023f8ebb512f4e5459651fff43ebb8af11d1150db,2026-09-02 17:54:11+00:00,56350,1945-09-01,2026-07-31
GME00125710,GME00125710.csv.gz,378264,7121b0f9d8d2f1f7b84b4d5c4a18daea06634741edf8e3dacf97c4cf519861ed,2026-09-02 17:54:11+00:00,47154,1961-11-01,2026-07-31
GME00125746,GME00125746.csv.gz,422919,0d8720f203502dd49592713a8aa1233fcb25d2cc14a2aec3898be09c3f3737fa,2026-09-02 17:54:11+00:00,52842,1946-01-01,2026-07-31
GME00125794,GME00125794.csv.gz,253088,984286e19210781e581b43fcaf061848a5ddd97460f4e1a845297748215eea1e,2026-09-02 17:54:11+00:00,31228,1983-11-01,2026-07-31
GME00125806,GME00125806.csv.gz,819202,789401e170063dc631eba0e3f231196412abcb730004b4de520f11aa7d91afc1,2026-09-02 17:54:11+00:00,106332,1879-01-01,2026-07-31
GME00125890,GME00125890.csv.gz,489709,314eb802fb1e7e0a124390065f8a480453da08d8e7143476a2f756a330d44585,2026-09-02 17:54:11+00:00,46260,1956-06-01,2026-07-31
GME00125914,GME00125914.csv.gz,402265,7db1edc51c1801663aeec8e4ce541246f1f37b721ebe1aa7ae92436bca2babf4,2026-09-02 17:54:11+00:00,47844,1961-01-01,2026-07-31
GME00125974,GME00125974.csv.gz,503010,eca93d8345840cff3161735c14f1958e8628447227f502ab75618f849cb4741c,2026-09-02 17:54:11+00:00,56308,1947-01-01,2026-07-31
GME00126010,GME00126010.csv.gz,595986,38ebccf36793a9fd701d63d0d04013cf5618376f0ef7796046eb6871d4a825c3,2026-09-02 17:54:11+00:00,62516,1941-01-01,2026-07-31
GME00126046,GME00126046.csv.gz,287873,528e24968736f87b7eeb0d5d935e77097d9d406c25bd711b27303587de9ea2dc,2026-09-02 17:54:11+00:00,28914,1987-01-01,2026-07-31
GME00126058,GME00126058.csv.gz,228105,b3dd429ecaf9690d7612bb700a532b2870e99d671b356491d409d1690e06ea97,2026-09-02 17:54:11+00:00,28368,1987-10-01,2026-07-31
GME00126070,GME00126070.csv.gz,295877,d0bc0ec18fffb2ebf975272a6865ada13270f6532a2e44d4da3c102c2f149cd9,2026-09-02 17:54:11+00:00,37252,1972-10-01,2026-07-30
GME00126106,GME00126106.csv.gz,518580,5b8a4054a99efbf15719a1b1eb46d2f8ce1a3a8e8becf3e282fb800df8b6faa0,2026-09-02 17:54:11+00:00,62202,1937-01-01,2026-07-31
GME00126118,GME00126118.csv.gz,536356,116821817603f22d85826c521b699f7857555a132efe144ff109f894d2538b94,2026-09-02 17:54:11+00:00,64686,1937-01-01,2026-07-31
GME00126178,GME00126178.csv.gz,220395,0d1251c3a9474de94cd16c2e0afe2e15623174d3d94c6a2665bfd7608f6210ab,2026-09-02 17:54:11+00:00,26232,1938-01-01,2022-03-28
GME00126190,GME00126190.csv.gz,203808,aaa03f93ce2561c5b335e5502cccac0f74444d45d0f4a046b418ab6f8bac0376,2026-09-02 17:54:11+00:00,25504,1990-07-01,2026-07-31
GME00126226,GME00126226.csv.gz,434568,ab0bebd3114f12fa0b833e8752018c183200c22a2e3e45678ea6c06ee166e181,2026-09-02 17:54:11+00:00,53750,1953-01-01,2026-07-31
GME00126250,GME00126250.csv.gz,503096,c4d83f3a00822f26678aa23533320c27b8745e3d7bd3f2dfb6db6a902b7f543d,2026-09-02 17:54:11+00:00,56248,1949-01-01,2026-07-31
GME00126322,GME00126322.csv.gz,505823,fee70cba83fc4f64dc4a3e32a0e57ac2205e794aac12c10a8c93ed7e38eafcc6,2026-09-02 17:54:11+00:00,58864,1946-01-01,2026-07-31
GME00126358,GME00126358.csv.gz,509093,7a9b9a984bb7d2aee8afe3ddae4629854c74fac4ca97741bcf151a6ac205614a,2026-09-02 17:54:11+00:00,46051,1936-05-18,2026-07-31
GME00126394,GME00126394.csv.gz,433103,3e28904ce6efb9d0f3e90da52e683731bab70fb4a597bede2a940aa3e2901dac,2026-09-02 17:54:11+00:00,55271,1947-01-01,2026-07-31
GME00126430,GME00126430.csv.gz,203507,e495208c84e206c1eaae59eb1b39bb287c829d6fd2dfedc99e0baadbd7ce517d,2026-09-02 17:54:11+00:00,25690,1991-06-01,2026-07-31
GME00126466,GME00126466.csv.gz,474339,e5721cdc32335555f5d8023e5da84ef4f3570f032fdec57d83714ac2f26d5bc2,2026-09-02 17:54:11+00:00,56825,1948-01-01,2026-07-31
GME00126490,GME00126490.csv.gz,290245,8e7265b831a866349dc1645c5b8151a56e7456f80592152fb492a3b78ec8f418,2026-09-02 17:54:11+00:00,37384,1955-01-01,2026-07-31
GME00126526,GME00126526.csv.gz,491806,19afb895a6da0d67e824d4f1c3b71cfe4908d2caa78fa77d2fdefe8952e8bcbf,2026-09-02 17:54:11+00:00,58123,1947-01-01,2026-07-31
GME00126586,GME00126586.csv.gz,306389,968ce7cbb987d6246194919ecc2d6fd1b4c4faae6777edf18f7b18dc8565f0a3,2026-09-02 17:54:11+00:00,38656,1970-01-01,2026-07-31
GME00126742,GME00126742.csv.gz,451880,b337f78fe54f190c0e47b313d36a84b92311e32b57cc34ebcc4a028f7b4ed40d,2026-09-02 17:54:11+00:00,56851,1947-01-01,2025-06-30
GME00126754,GME00126754.csv.gz,471809,21c020dabdf85771d02f25bbd7d63421cf19b58a47eb576374c35ab0f512d4a4,2026-09-02 17:54:11+00:00,58134,1947-01-01,2026-07-31
GME00126838,GME00126838.csv.gz,295187,64946a8804e81dbc0d790c99b2e79d77c0c44c3d4e9e61197629f131435d6015,2026-09-02 17:54:11+00:00,36976,1975-01-01,2026-07-31
GME00126874,GME00126874.csv.gz,449228,633456b05d42bf01cdd676aa3f96700684f106e0043256f0952dae07a996c9bd,2026-09-02 17:54:11+00:00,53438,1947-01-01,2026-07-31
GME00126946,GME00126946.csv.gz,458852,154ddccbd2027927e95d295b8169d704f4481bf08673ed2cc6c589865c77ed18,2026-09-02 17:54:11+00:00,56856,1948-10-01,2026-07-31
GME00127030,GME00127030.csv.gz,458583,55456d2aa5a017f01feff472af95e8e18817a33c8495977518cb4fec4d4bd263,2026-09-02 17:54:11+00:00,56851,1947-01-01,2026-07-31
GME00127090,GME00127090.csv.gz,219220,09588eb021ff1dcdee58ce25cb5385af31182361d768b443f7c6afad42dea8e8,2026-09-02 17:54:11+00:00,29939,1984-08-01,2026-07-31
GME00127114,GME00127114.csv.gz,313722,098cfe7d1e57ea871fce7e0e854137d172bf56fd6f0e0b251fc09b0350c07aae,2026-09-02 17:54:11+00:00,35858,1972-05-01,2026-07-31
GME00127174,GME00127174.csv.gz,447297,0769a9dd081a7f2729df955eb6f5d6a2bfa253b1822bc6407f9ed7af788049c1,2026-09-02 17:54:11+00:00,55879,1950-01-01,2026-07-31
GME00127246,GME00127246.csv.gz,287338,1b0ab6f2ca1d004a40d31196305739f71247c1933a535b151e7956cbaafe8f11,2026-09-02 17:54:11+00:00,36246,1965-01-01,2026-07-31
GME00127258,GME00127258.csv.gz,232575,8d38e49fa1c9ab0c6f27f3614471d4b753aaa36739b38ed770c1c14489040034,2026-09-02 17:54:11+00:00,28976,1986-12-01,2026-07-31
GME00127318,GME00127318.csv.gz,391701,11260e8be4a2567758f62e78d422131dee1ecc5d60d5d1d155ef91ce6f24ad6c,2026-09-02 17:54:11+00:00,48454,1958-01-01,2026-07-31
GME00127342,GME00127342.csv.gz,306962,62d51cf59342b02d061db514bd58f7a27dde453c370938156a7166bc4db2217c,2026-09-02 17:54:11+00:00,35119,1950-01-01,2026-07-31
GME00127354,GME00127354.csv.gz,825220,8d2123bd013a4cf6d2b983e1f139a447e0f230fff8f2967e66da21019d33887a,2026-09-02 17:54:11+00:00,103761,1882-01-01,2026-07-31
GME00127438,GME00127438.csv.gz,379124,a35dc83838e109c38af4d100515e9122923f2fb77cb46cb079228b7c339ff350,2026-09-02 17:54:11+00:00,47538,1961-01-01,2026-07-31
GME00127462,GME00127462.csv.gz,777757,480faf8bd180b098f016930b3c61803f373e50d792648b5e9ddd23ea610facc6,2026-09-02 17:54:11+00:00,96974,1853-11-01,2026-07-31
GME00127498,GME00127498.csv.gz,435713,b5394b5fcd6f3b9469d71a1fb4b2500bb9ba0168e61bbae3103641f81ee8ef78,2026-09-02 17:54:11+00:00,54594,1945-01-01,2026-07-31
GME00127534,GME00127534.csv.gz,273607,062e4dc66d6484390a3d036d66f8db738da64d32edc7593d8274c60f7e1fbdd2,2026-09-02 17:54:11+00:00,35688,1974-12-01,2026-07-31
GME00127558,GME00127558.csv.gz,454264,fad30d0d815a64e0bbfab0f0eff4c3c06bc4fef6259b91db67c1231c3beaef91,2026-09-02 17:54:11+00:00,55190,1951-01-01,2026-07-31
GME00127618,GME00127618.csv.gz,465281,251a547887e5d54a1dd59033ec44484c15bd99c8d2cebb4a6b6f2233be41e167,2026-09-02 17:54:11+00:00,56064,1946-01-01,2026-07-31
GME00127750,GME00127750.csv.gz,401591,95f199b37d5a8e0d5a38d36848fa69d70ca35c4d6f09f6d78b3a5f810b5bd718,2026-09-02 17:54:11+00:00,50098,1958-01-01,2026-07-31
GME00127786,GME00127786.csv.gz,417938,701c40c206daf072d6cfb4ea3640c652dc14dc4a65e0620f20e01b0a3af0d6f2,2026-09-02 17:54:11+00:00,52170,1953-09-01,2026-07-31
GME00127894,GME00127894.csv.gz,440782,c4477b55f30b3fc86fa0185bb76631778e928dc95277d83322ba0b19df9f736f,2026-09-02 17:54:11+00:00,54202,1950-01-01,2024-04-12
GME00127906,GME00127906.csv.gz,491713,13c473aae12e4b3374fdf667024728981683eaa3daa00dbff0c360465c9c823f,2026-09-02 17:54:11+00:00,55236,1946-01-01,2026-07-31
GME00127930,GME00127930.csv.gz,411363,eb4d882d9690f948270568898f3a3731d6d272f6cb12bd34c08cdefa0eb51937,2026-09-02 17:54:11+00:00,50828,1957-01-01,2026-07-31
GME00127954,GME00127954.csv.gz,539071,d13655ed00b3cb943c199c4e583e7d6083d69acf200f6584792d2b1f7c808c05,2026-09-02 17:54:11+00:00,57818,1947-06-08,2026-07-31
GME00128002,GME00128002.csv.gz,388802,587b67d8ef1ba223358c8346b5cabec345c5a343a87f7621d0dbadfdbf2e1f7f,2026-09-02 17:54:11+00:00,45588,1957-02-01,2026-07-31
GME00128014,GME00128014.csv.gz,464918,c3a2e65a290170ab27659fe1340c1b08a3c8e241b8be0a300ffcc3ba8f277052,2026-09-02 17:54:11+00:00,57560,1947-01-01,2026-07-31
GME00128038,GME00128038.csv.gz,361058,ce090095b12ebbb618f73c1cb75f75012bb06428b15965b1584ac8802d7bae36,2026-09-02 17:54:11+00:00,42062,1969-01-01,2026-07-31
GME00128110,GME00128110.csv.gz,223455,5199d327599e298280364dedfdc555ec4effcbc6528acb845c619acf43319341,2026-09-02 17:54:11+00:00,28306,1987-11-01,2026-07-31
GME00128134,GME00128134.csv.gz,240920,673ed6d4185cb3234e2663dc9762a5a60b5381c8e2cde9815408dc59f0fa56ef,2026-09-02 17:54:11+00:00,29814,1985-09-01,2026-07-31
GME00128182,GME00128182.csv.gz,508566,a69f4d1aecbd936ea8fb09dd2e4f35d379682ae6bac37c3c1c198248bb93bb13,2026-09-02 17:54:11+00:00,63238,1935-01-01,2026-07-31
GME00128206,GME00128206.csv.gz,390502,0591407cdf5096d000d13b7e5a28dbc412f4f78e9687a69429669df79dd75cb9,2026-09-02 17:54:11+00:00,44984,1965-01-01,2026-07-31
GME00128218,GME00128218.csv.gz,442201,80ef3958e9e83da5d839d0e564cb7b124ab7e39d2b94145dababe0c6ee7902ea,2026-09-02 17:54:11+00:00,55212,1951-01-01,2026-07-31
GME00128266,GME00128266.csv.gz,269946,d75edc820b3c3fe8845bffbd5de012a9d9f898464503d1f78e5193d3910ed76e,2026-09-02 17:54:11+00:00,33968,1979-12-01,2026-07-31
GME00128350,GME00128350.csv.gz,515140,711f4443d37cb7027807b3ac7fee5313bf53aaf798d8151edcc875c699fc259c,2026-09-02 17:54:11+00:00,60991,1902-12-01,2026-07-31
GME00128362,GME00128362.csv.gz,581771,6f3ae71423dc2bf3e14914535bb19f70db386441d903a15355e3276426441fca,2026-09-02 17:54:11+00:00,72348,1898-01-01,2026-07-31
GME00128374,GME00128374.csv.gz,314575,a19dbf8f178c9beade2a865767ca45fcc9cc4be4b1027be1b788ff00c41ff96c,2026-09-02 17:54:11+00:00,40412,1951-04-01,2026-07-31
GME00128422,GME00128422.csv.gz,336482,1607b19a6ee6f4b2bd2a05399a7f4628c19ff393e113fd1349045213076e1585,2026-09-02 17:54:11+00:00,29098,1985-10-01,2026-07-31
GME00128482,GME00128482.csv.gz,321012,4eb5c63b20bc2ad66a568d3b4ef1a3af75678d9dddc0bcbef8e39d69d04b5491,2026-09-02 17:54:11+00:00,40460,1971-03-01,2026-07-31
GME00128494,GME00128494.csv.gz,387762,bbe5bedc3ee9a2a14a4b1c6e7210ecc9eecca821beb628ac35b004586c50c8b0,2026-09-02 17:54:11+00:00,46957,1936-01-01,2026-07-31
GME00128506,GME00128506.csv.gz,439394,0e3f220743825a5c1e36a62a8d9f60d864911685faffa676cbd52b51584d2e73,2026-09-02 17:54:11+00:00,53444,1953-01-01,2026-07-31
GME00128566,GME00128566.csv.gz,431227,e40b0a513d0f0caa02668061c5e15b4abe3824dae3fc8801f511d2ef783795f9,2026-09-02 17:54:11+00:00,53080,1949-01-01,2021-12-31
GME00128650,GME00128650.csv.gz,428917,d9a217cac2f93f66b1c8386cf90b46094db8508ba89bd9b67e9496a280b8921a,2026-09-02 17:54:11+00:00,50242,1955-10-21,2026-07-31
GME00128686,GME00128686.csv.gz,448482,7b9bf6f360a17c2aff847b6737b259f7e969660042de1d9fa0c595bdca2f3e11,2026-09-02 17:54:11+00:00,55988,1949-07-05,2026-07-31
GME00128734,GME00128734.csv.gz,310709,e2382c9e2e4de303c69ab6235cd3d58b5b851e254b638cfe634846ee8be205c1,2026-09-02 17:54:11+00:00,36402,1976-10-01,2026-07-31
GME00128758,GME00128758.csv.gz,514957,d2f6fce3690ac515ae40dc2f719e3694e81bf4a4d9511ad269ce2368f0e2ce9e,2026-09-02 17:54:11+00:00,63828,1937-01-01,2026-07-31
GME00128818,GME00128818.csv.gz,438712,e36cb0798e214fcfa4ef63efb81e80eecea2ad7261d228724c25343a7d82c80f,2026-09-02 17:54:11+00:00,54236,1951-01-01,2026-07-31
GME00128830,GME00128830.csv.gz,311488,014e56edf3c419580849d5e2f8e84158d5cab30ae68e5f159cb4c49223557167,2026-09-02 17:54:11+00:00,27724,1988-05-01,2026-07-31
GME00128854,GME00128854.csv.gz,305943,ffea8e0df609a2994b23c555cffb3287b708c854018d40a2ff06680751042d92,2026-09-02 17:54:11+00:00,33296,1981-01-01,2026-07-31
GME00128866,GME00128866.csv.gz,454955,43ee3d0911409b25d80c873b73d9885a8ff154a605eab9c1d92161c58ef862b0,2026-09-02 17:54:11+00:00,56454,1948-01-01,2026-04-13
GME00128914,GME00128914.csv.gz,578038,211c3150a87d589de4f5a8ac3420921e95923f40ca83abf0086657dc057014ce,2026-09-02 17:54:11+00:00,57700,1947-07-21,2026-07-31
GME00128926,GME00128926.csv.gz,379781,0a1ddc3789c9c641a49cdc7fcfc1c1bf716dc92908bdcd4c2ccb6414e1c29330,2026-09-02 17:54:11+00:00,48449,1947-01-01,2026-07-31
GME00128962,GME00128962.csv.gz,351701,04d25abb082660c8988d4080dbdb9103e25006784a400f132686eaf86bf21185,2026-09-02 17:54:11+00:00,43932,1961-01-01,2026-07-31
GME00129070,GME00129070.csv.gz,200995,3d62d3d6cfb1f925a30d9b735258c84f1868928d21b69b90080dc0517873f705,2026-09-02 17:54:11+00:00,25432,1990-11-01,2026-07-31
GME00129082,GME00129082.csv.gz,453175,8394ca05bc98bf359414bd89d9ff0446c1dac1155ca419d1341793fe55d15195,2026-09-02 17:54:11+00:00,51190,1930-01-01,2026-07-31
GME00129106,GME00129106.csv.gz,266430,9bab3760e24bef651fcd14166495baf27360c3dc8e362722750e9e0b2ae38341,2026-09-02 17:54:11+00:00,33722,1974-12-01,2022-11-30
GME00129166,GME00129166.csv.gz,327307,a245e1fd40c7828168f0baef1f3a98c65dc8a8dc0acfaf98bd4f96b7ea097edb,2026-09-02 17:54:11+00:00,28122,1986-01-01,2026-07-31
GME00129202,GME00129202.csv.gz,538633,38a5afa2a27d866786559fdb6cce776a2ae370f52d5d14990032ff2beb470706,2026-09-02 17:54:11+00:00,57662,1947-01-01,2026-07-31
GME00129214,GME00129214.csv.gz,431047,d272895a2ac94b0345beec6cf43016429d485910cc29251c815bea7b49af5eb0,2026-09-02 17:54:11+00:00,53965,1952-01-01,2026-07-31
GME00129226,GME00129226.csv.gz,481076,0f7861cc3f065ee81f268292b0d6239be316079c3f4c0a9ed709dc22cb5056a9,2026-09-02 17:54:11+00:00,57164,1948-01-01,2026-07-31
GME00129250,GME00129250.csv.gz,290923,3e558e98b3e46594ce99f2e897f5521bb5be1cac40e6c90b042d49340838d96a,2026-09-02 17:54:11+00:00,37261,1975-06-01,2026-07-31
GME00129298,GME00129298.csv.gz,345849,f0e7462e77acbb3d63796e691d46b6de46a897c58347a3fcc199c5ed243a873b,2026-09-02 17:54:11+00:00,39264,1967-01-01,2026-07-31
GME00129346,GME00129346.csv.gz,419613,5068889ef5619d63c47c23eb82ed5601a45ba00f0fd01c81e22b76d864170111,2026-09-02 17:54:11+00:00,52564,1954-01-01,2026-07-31
GME00129418,GME00129418.csv.gz,302856,bdcad95f3a54fb4be00a018b2cef8dad4f8a36a7cb3a14188997d701ac419030,2026-09-02 17:54:11+00:00,25934,1991-01-01,2026-07-31
GME00129430,GME00129430.csv.gz,551440,2b08efe639edd63619546213b5ba31e358c74b542198a3cede20728a3969795f,2026-09-02 17:54:11+00:00,71318,1907-05-01,2026-07-31
GME00129478,GME00129478.csv.gz,491470,784c446b722f19a8438e1537534059c0c8ce0ca83771c8f7338b41353e841123,2026-09-02 17:54:11+00:00,59572,1945-01-01,2026-07-31
GME00129550,GME00129550.csv.gz,532648,32ad9b7a1c98ead3d2b34af76cb7b05fc8b74ea80f90fd2235ac520cd419e6db,2026-09-02 17:54:11+00:00,56869,1947-01-01,2026-07-31
GME00129562,GME00129562.csv.gz,396331,13116145011bb7308e678f03478d71566529d59a5c48bbdb04430c637a863ce8,2026-09-02 17:54:11+00:00,49538,1951-01-01,2026-07-31
GME00129574,GME00129574.csv.gz,424279,6240e65604225e5807276d37784c12227d9824bb303f12f25be6fc4732babdc8,2026-09-02 17:54:11+00:00,44384,1951-03-01,2026-07-31
GME00129598,GME00129598.csv.gz,196960,b96e9e68d189c07f639a0b630b9885fdb5a5a5583f3625b118845379969c333b,2026-09-02 17:54:11+00:00,27157,1987-12-01,2026-07-31
GME00129634,GME00129634.csv.gz,472690,b1e34f695df0198e801e8ba02be83db2edd6ba58aea0e3de1dc6814be60ad0f1,2026-09-02 17:54:11+00:00,58134,1947-01-01,2026-07-31
GME00129718,GME00129718.csv.gz,290312,97857ff223c3757ea043c43f5f225232e153c0a8cadc3c91ca24f1cefc9b82a3,2026-09-02 17:54:11+00:00,29828,1985-10-01,2026-07-31
GME00129742,GME00129742.csv.gz,438142,5863a8e4ec26dff67fee62943791e2425b690aca7ca1913504a79b1d62a329ed,2026-09-02 17:54:11+00:00,51590,1951-01-01,2026-07-31
GME00129754,GME00129754.csv.gz,264034,ae7d8f0a06adacec178472a81d2eba3f07d5c5dc3d9633a126c238d92daf9aac,2026-09-02 17:54:11+00:00,33116,1981-04-01,2026-07-31
GME00129814,GME00129814.csv.gz,439495,fe23a9fb6fa18e82830c83110595bef6c8521179c9eae22f92456fa30aabbf47,2026-09-02 17:54:11+00:00,51196,1951-01-01,2026-07-31
GME00129862,GME00129862.csv.gz,437893,83c76034cfcb805334786b1464c86cc2f6aaba62274ca8430f4fe0c13f61f805,2026-09-02 17:54:11+00:00,54540,1945-01-01,2026-07-31
GME00129898,GME00129898.csv.gz,747846,6e5d9f6f295c0c53fcc509a5d8759074d70462b71a1fe1cacde2dc95956f77ed,2026-09-02 17:54:11+00:00,95528,1889-07-01,2026-07-31
GME00129910,GME00129910.csv.gz,469996,1c8947f68938f9e413891659064e80e90d11deccf497738ef15ad2e75189cbc8,2026-09-02 17:54:11+00:00,55878,1947-01-01,2026-07-31
GME00130018,GME00130018.csv.gz,401509,bf4bd0cc00cad5dd868b8c1eee28987ee513cda40cdce0902530204c03c13599,2026-09-02 17:54:11+00:00,44602,1949-03-13,2026-07-31
GME00130054,GME00130054.csv.gz,407324,7845ee2e5d9013aaa4cb77008390076cdef4fdea866af9962cfadb0e94d6524d,2026-09-02 17:54:11+00:00,50606,1957-01-01,2026-07-31
GME00130186,GME00130186.csv.gz,434901,9ca9a8ae5d8545ea6c789deb87e6703ae33b996297a1e564dc8a2b72b9d1d1b0,2026-09-02 17:54:11+00:00,57277,1947-01-01,2026-07-31
GME00130258,GME00130258.csv.gz,225022,eed4974439693f4e749b5f1bdeabd757aa1d1752e40553ca78db9690fb96f67f,2026-09-02 17:54:11+00:00,28612,1987-06-01,2026-07-31
GME00130282,GME00130282.csv.gz,265185,fafe7087814dab2b46405007d9fba08b3bf5908f2c6d8830daaea07e7795714a,2026-09-02 17:54:11+00:00,34944,1967-04-01,2026-07-31
GME00130318,GME00130318.csv.gz,303014,beac45f458883b5c9a7b6f020b74be81f2470de991328bc823c1d24cffb9092a,2026-09-02 17:54:11+00:00,36460,1940-01-01,2026-07-31
GME00130402,GME00130402.csv.gz,578261,0b14a679b11d5e9c14bc72f9ee2bc0a87dfd55976d167e92dcff51d9c10c5dd4,2026-09-02 17:54:11+00:00,64442,1937-01-01,2026-07-31
GME00130486,GME00130486.csv.gz,405456,b844d3b36f4e090bcb69246410825be6895a78b3890e240cfefdc5684df4c842,2026-09-02 17:54:11+00:00,50098,1958-01-01,2026-07-31
GME00130510,GME00130510.csv.gz,314416,47f451f0f78a3b58be28003e6fc22d7defb6cc31fb9347d89e660db695813334,2026-09-02 17:54:11+00:00,31188,1981-04-01,2024-01-01
GME00130534,GME00130534.csv.gz,451788,6072ae4549904f667389b1c6c00eb4241da5c91f8569f3146a7da743ccea5846,2026-09-02 17:54:11+00:00,56742,1936-01-01,2026-07-31
GME00130582,GME00130582.csv.gz,498982,e5779f90518c5cac152bc9f1082db0c0482322dcd47355a18b4921ca95dad490,2026-09-02 17:54:11+00:00,61741,1937-01-01,2026-07-31
GME00130618,GME00130618.csv.gz,380670,b6bc56ae0f6bead381753f14ebb60fc59bb934b9c8549ddd97208d18e2b2d4fa,2026-09-02 17:54:11+00:00,47844,1961-01-01,2026-07-31
GME00130642,GME00130642.csv.gz,449778,0811a07d132aa23aa776874aad04b5840cd95a66ac6d719bd9611eef129580eb,2026-09-02 17:54:11+00:00,57020,1948-07-01,2026-07-31
GME00130654,GME00130654.csv.gz,431231,6f4c6d5cc168ff496f8cc53d470faa933a33fe5264b41cd9d255b38874f90fef,2026-09-02 17:54:11+00:00,53932,1952-09-01,2026-07-31
GME00130702,GME00130702.csv.gz,339003,6f9ef94eff0fce4ca0a8e39b713350a3be82e20cecbe856f8b74f685dd25a41c,2026-09-02 17:54:11+00:00,40592,1971-01-01,2026-07-31
GME00130726,GME00130726.csv.gz,557792,5ae1585a70cc15e06006085b1e38ec4b4f547c5de254a67d2fabc6329ddb73b5,2026-09-02 17:54:11+00:00,48635,1863-12-04,2026-07-31
GME00130786,GME00130786.csv.gz,425243,b8928a08712d7fdfc61340ccf498d0d3cdc2629e2b3145b6ba47d1f30375c34d,2026-09-02 17:54:11+00:00,53308,1953-07-01,2026-07-31
GME00130870,GME00130870.csv.gz,452458,3e8340d880f7f6b18d4701fcbc9e1c067fa0527bb0555ccac67d63eeef038dd9,2026-09-02 17:54:11+00:00,57466,1947-01-01,2026-07-31
GME00130918,GME00130918.csv.gz,589356,6fedd132a1da2151ef28a10111ec8daa3ef8c31e955ee65fc7e286a09f90015d,2026-09-02 17:54:11+00:00,55818,1945-01-01,2025-03-31
GME00131146,GME00131146.csv.gz,394479,eda04067982d7366badee25bfb556384096f74098510c19a1b222d817d569fcf,2026-09-02 17:54:11+00:00,49170,1959-03-01,2026-07-31
GME00131494,GME00131494.csv.gz,433864,52ac51bf208144189a8a42c54c24ad1ee3c547da9b88d3abfc366f02bb8ddf0a,2026-09-02 17:54:11+00:00,40834,1949-02-01,2026-07-31
GME00131674,GME00131674.csv.gz,383805,8cdecd082555fad95b82ace9efccfde34441ae49714e0ebe7751685f654cb4cb,2026-09-02 17:54:11+00:00,47906,1961-01-01,2026-07-31
GME00132202,GME00132202.csv.gz,428546,e5ed8fe6259bdcb1cc298a4439f3d00829edc569b58cf4504bce04e60a9ded11,2026-09-02 17:54:11+00:00,48984,1959-03-01,2026-07-31
GME00132334,GME00132334.csv.gz,525699,e87d49d8395f8d83385e961350719de09e38fff1c012d3716635faa2a1dc0a0c,2026-09-02 17:54:11+00:00,65196,1935-01-01,2026-07-31
GME00132346,GME00132346.csv.gz,208413,090c1c46cec7d17a91a33a063d013aa270aa199c063529d0ab5c3ef55ab2e509,2026-09-02 17:54:11+00:00,26176,1990-10-01,2026-07-31
GME00132358,GME00132358.csv.gz,221960,dc62d2eb10bc49d04833f724c9493d3a359b0a9e42bb40ce6e4ecad1c99bb1ad,2026-09-02 17:54:11+00:00,26784,1976-06-01,2026-07-31
GME00132430,GME00132430.csv.gz,377446,be60c2dcaeb5886fcb15d5746fab8593a25d225fdaef21d18fac8094e1790a24,2026-09-02 17:54:11+00:00,47726,1961-01-01,2026-07-31
GME00132466,GME00132466.csv.gz,431573,799536bf48451f07d60255f6e5bc003b21568d70f5e7180f3f2792c0a5afac5f,2026-09-02 17:54:11+00:00,53686,1952-10-01,2026-07-31
GME00132490,GME00132490.csv.gz,207551,7e7bc6b80382e5d0ff138bd7f9a8ea17836bb8285cdcf5a3dd6bef8d8a35af32,2026-09-02 17:54:11+00:00,26588,1989-12-01,2026-07-31
GME00132538,GME00132538.csv.gz,747454,11f91891857a35edc37f918c9b5f7b6374c268c4d544682e36a2591f91c5a9fa,2026-09-02 17:54:11+00:00,90294,1882-01-01,2026-07-31
GME00132586,GME00132586.csv.gz,461219,307b492864eba3267774b5004c5abccd4e58c57b5a63b273ff3a27c9ff5a9f25,2026-09-02 17:54:11+00:00,58044,1947-01-01,2026-07-31
GME00132634,GME00132634.csv.gz,408395,606f434a10b8f3a166648fa97069dfb7ff1d0bfe0e6d9a3de4e4080e7916866b,2026-09-02 17:54:11+00:00,48471,1949-07-01,2026-07-31
GME00132682,GME00132682.csv.gz,273869,d4c97c53c5c55846d08aed1be2c4b382e31d0b119ecff7633c4c49bd4bfa8391,2026-09-02 17:54:11+00:00,34818,1978-11-01,2026-07-31
GME00132730,GME00132730.csv.gz,460735,56f88fe65ca8eb364cf0805928b4578608f4676bf2132b1ef37354834305b230,2026-09-02 17:54:11+00:00,55046,1950-08-01,2026-07-31
GME00132790,GME00132790.csv.gz,460636,f52d725f9cf7219fe890b272125203ceb663010dd2e03baf5793123184439b53,2026-09-02 17:54:11+00:00,54172,1947-11-01,2023-03-12
GME00132838,GME00132838.csv.gz,444816,8edc12215f41b63295dbab9a6d90132d4d3babe98f70fd5b0bc2b3cce2cd40b3,2026-09-02 17:54:11+00:00,51846,1954-09-01,2026-07-31
GMM00010097,GMM00010097.csv.gz,192390,02bc985b754bbabfcc14cbcd5cbdf453359b1ba7f555b918985aa3c62eaaf3f4,2026-09-02 17:54:11+00:00,29835,1947-08-01,2026-07-31
GMM00010129,GMM00010129.csv.gz,522284,e1f3c832de242ab7260e10fe86e5daaf731cc0ef2262c16fa511a22506d0f897,2026-09-02 17:54:11+00:00,56612,1949-01-01,2026-07-31
GMM00010161,GMM00010161.csv.gz,470897,e096c00a6d24cf3f4d40947d075f9dd796328c276ea0f0450124f55abfa162b2,2026-09-02 17:54:11+00:00,58134,1947-01-01,2026-07-31
GMM00010168,GMM00010168.csv.gz,507982,e7eabd385e96dee91c98c169e000a6eee19788f07bd4827d8b81cd7622547b1e,2026-09-02 17:54:11+00:00,56526,1947-01-01,2026-07-31
GMM00010253,GMM00010253.csv.gz,509202,bfaa2fe43090825a191bf1b03df599dd92a475e370ceebd58e4c04c0cb6664fa,2026-09-02 17:54:11+00:00,55902,1949-01-01,2026-07-31
GMM00010267,GMM00010267.csv.gz,389855,37170396c9a7db2dd93229b80e6cfed653ee0e8e4e720182a1e5cc2d9733637f,2026-09-02 17:54:11+00:00,45153,1945-05-01,2026-07-31
GMM00010321,GMM00010321.csv.gz,516447,7cd36a79ba012e066c4c1deb2b8b75488c0c999a9217e0a909cab9bc0ca819fe,2026-09-02 17:54:11+00:00,53988,1952-09-01,2026-07-31
GMM00010385,GMM00010385.csv.gz,79116,c07a78f7cec1e43679fc81c52527a9d3525fd799160c747155e3ad517903fbaa,2026-09-02 17:54:11+00:00,5476,1955-10-15,2022-07-22
GMM00010396,GMM00010396.csv.gz,238667,6838be9b85f84b05204b3b957c23011d647b93ba5a036c3c42a1ad071a66a672,2026-09-02 17:54:11+00:00,30120,1985-01-01,2026-07-31
GMM00010449,GMM00010449.csv.gz,448090,0762082214cdd5ecc19dcf6e734af0631c529aa99768ef83492a0e25f2fab3f3,2026-09-02 17:54:11+00:00,53605,1936-05-11,2026-07-31
GMM00010452,GMM00010452.csv.gz,588632,3fb970641e9911602109588a55cf3c2c2f43d4e5b48d3b5e927c34f0a832274e,2026-09-02 17:54:11+00:00,68334,1931-01-01,2026-07-31
GMM00010480,GMM00010480.csv.gz,308073,b4f1fd08cf3ae97876266ce8c8e823a6e95b9f101b7c9779c51a9aa3921ee144,2026-09-02 17:54:11+00:00,38648,1937-01-22,2026-07-31
GMM00010526,GMM00010526.csv.gz,415047,80d9f0813aad0852a0002a5059941b350b3fb03e565f12ec74c508f44ea14ed0,2026-09-02 17:54:11+00:00,46486,1962-12-01,2026-07-31
GMM00010579,GMM00010579.csv.gz,408249,aa5316aa9c66e40d11837d3101e0f3d8fcb5adc5c9e3915afb4105bde7f1c6ba,2026-09-02 17:54:11+00:00,50686,1955-08-01,2026-07-31
GMM00010704,GMM00010704.csv.gz,467635,9d39595045498748eb941751b7c0ae322a6f7a5bf269f4b24ec853fac9a6e729,2026-09-02 17:54:11+00:00,54986,1951-01-01,2026-07-31
GMM00010724,GMM00010724.csv.gz,414453,7c48a21c5173b71357343937e3906b04c1a17f17d9d054d2236d6b0f1bd203ed,2026-09-02 17:54:11+00:00,48763,1953-01-01,2026-07-31
GMM00010736,GMM00010736.csv.gz,177123,a3d6fe387d4fcdc8be145111eb573d74f67d3e13f4636f2c0d4552f42b877953,2026-09-02 17:54:11+00:00,23298,1988-01-14,2026-07-31
GMM00010761,GMM00010761.csv.gz,830196,544be2ba0f0a77c0abf8c18022d9f11d459168d76256369f6b49126644a6f9e1,2026-09-02 17:54:11+00:00,99613,1879-01-01,2026-07-31
GMM00010818,GMM00010818.csv.gz,500683,6ce1ffd0b1a875172af1cfab3a66546bfbd83c4d97ecab7a6be336d41007dda1,2026-09-02 17:54:11+00:00,57980,1947-01-01,2026-07-31
GMM00010863,GMM00010863.csv.gz,520767,12627ba18a257d8361ecb2cb9181c5fdffdaacb363baa61349a2a219e2f0039a,2026-09-02 17:54:11+00:00,62778,1936-07-01,2026-07-31
GMM00010870,GMM00010870.csv.gz,525205,2ef40684916946f150574369246045a4346829c76a54cd266b066acf83e55514,2026-09-02 17:54:11+00:00,52597,1939-11-01,2026-07-31
GMM00010963,GMM00010963.csv.gz,590365,1e55e0fc3429304b13dc03548f00b5e1fdcb23f7bef108e42a80d16cf0f14d4c,2026-09-02 17:54:11+00:00,65471,1936-01-01,2026-07-31
GMW00034068,GMW00034068.csv.gz,494899,7dab71d7a342d7b2a9a16bb1a6f6e043827007940e8ab753613c90f38cb63b45,2026-09-02 17:54:11+00:00,60326,1936-01-01,2026-07-31
GMW00035032,GMW00035032.csv.gz,634152,9d4d98730c636206ac84ffeb9d3cc6dfcfd3f6329a76bbf04add8b62b1a2e9f5,2026-09-02 17:54:11+00:00,61879,1934-05-02,2026-07-31
GR000016641,GR000016641.csv.gz,395958,337c5337738eee226a78c664b19c7824faa98f67fcd3de3064333840a3ebe844,2026-09-02 17:54:11+00:00,43094,1955-01-01,2025-08-23
GR000016648,GR000016648.csv.gz,401829,4079a9372e67cdac9bce9567c0ae0868abb5c027f79abb44c5caccced5ac40fe,2026-09-02 17:54:11+00:00,44920,1955-01-01,2025-08-24
GR000016716,GR000016716.csv.gz,417936,b24efecb0d23b3043e91b67527706987c190e457a8d6bb4b02a553f4852e6f1b,2026-09-02 17:54:11+00:00,47083,1955-01-01,2025-08-24
GR000016734,GR000016734.csv.gz,385720,24917ca4d9235a85a59064d7a61e7c11724a6d48df843249430280a6bcb5d17c,2026-09-02 17:54:11+00:00,46427,1956-01-01,2023-07-20
GR000016754,GR000016754.csv.gz,401730,1cc3cb0a6f0bbf15f2e199f83855004cc39efedf8419182d41b00a728139ce48,2026-09-02 17:54:11+00:00,44363,1955-01-01,2025-08-22
GR000167230,GR000167230.csv.gz,262570,4e34c8e23f8a92f9bd49768b27980b05ccbdb926a27bb8b10b3202963967d3f4,2026-09-02 17:54:11+00:00,28371,1978-04-07,2025-08-24
GR000167460,GR000167460.csv.gz,326348,757dddd9b37b63907437734e3debd37bab8e378d14f1b54e2d02dcef1ac933f0,2026-09-02 17:54:11+00:00,38913,1958-07-01,2025-08-24
GRM00016622,GRM00016622.csv.gz,278642,542697802008b24eb319259d45f7643e42284da2d56d07e95f77bd99375fcf08,2026-09-02 17:54:11+00:00,26741,1964-01-03,2025-08-24
GRM00016726,GRM00016726.csv.gz,98435,9c83bdb9560878d465e836d0cbb42c759d18890c972bf1abc8885521b915cb66,2026-09-02 17:54:11+00:00,4594,1987-07-21,2025-08-24
HR000142360,HR000142360.csv.gz,767274,afaeb02b31bd212623cf73560c7e0c78171035fcaa9a8583c271775779fb8719,2026-09-02 17:54:11+00:00,104716,1881-01-01,2025-08-24
HRE00105182,HRE00105182.csv.gz,573679,bf02d9af147b16987ce8d7e8413e3d8625114f60eed224949d872627af818e58,2026-09-02 17:54:11+00:00,81654,1880-01-01,2023-12-31
HRE00105189,HRE00105189.csv.gz,621813,fb4776df03c941c39cf6f90711363ad0d41e14cf4d812fb83952869c9560f490,2026-09-02 17:54:11+00:00,92780,1876-04-01,2023-12-31
HRE00105196,HRE00105196.csv.gz,345096,634585001b9fe17695cb4a8b6613a2f93573b317b0ead7570321965db364bb69,2026-09-02 17:54:11+00:00,54118,1948-12-01,2023-12-31
HRE00105203,HRE00105203.csv.gz,583387,2a690ea151139ff323a825647f8a89f9c05307d29120c3af0c27205fb7f6139a,2026-09-02 17:54:11+00:00,90347,1899-03-01,2023-12-31
HRE00105210,HRE00105210.csv.gz,360295,4884f98c97bc405906d33baf3f9ee7f4e874815f9ba6f80a5ee55a5b0e42fcd7,2026-09-02 17:54:11+00:00,55450,1948-02-01,2023-12-31
HRE00105217,HRE00105217.csv.gz,423304,f9994b4382cd2ff43463cdfbf5f068073bd14c5fe953b74c77e7c272ab6ca82c,2026-09-02 17:54:11+00:00,56999,1948-01-01,2026-08-24
HRE00105227,HRE00105227.csv.gz,330851,55cb2b740a9201849ec1b36c3795b9f52dfea30d5f12a138357488a71bde8e1f,2026-09-02 17:54:11+00:00,50588,1953-10-01,2023-12-31
HRE00155167,HRE00155167.csv.gz,352329,bd00c2a30556a73be7630b03f9404f890736d4af19d81bb14ec3ae38ed832e23,2026-09-02 17:54:11+00:00,54262,1949-01-01,2023-12-29
HRE00155176,HRE00155176.csv.gz,357080,0d0a674304b48379b59755a282a38bc7c3bbac05642fd4a655cdf6838da262b0,2026-09-02 17:54:11+00:00,54786,1949-01-01,2023-12-31
HRE00155185,HRE00155185.csv.gz,293985,f50ef33d4e36c256cb018ba54110879411ae660cef0b4b682fe4d7cbe17e2acc,2026-09-02 17:54:11+00:00,46020,1961-01-01,2023-12-31
HRE00155402,HRE00155402.csv.gz,361574,66aa0d774d3d48859afb3fcd0ceff30f7eed9aa441040b66228c41a171ba61f6,2026-09-02 17:54:11+00:00,54786,1949-01-01,2023-12-31
HRE00155411,HRE00155411.csv.gz,290675,30f601bbd9ed5b33665c4622553be81749867dc9c284a0dd4dedf523ad722eca,2026-09-02 17:54:11+00:00,45185,1961-01-01,2023-12-31
HU000012942,HU000012942.csv.gz,679622,adef2968385ecb7e5935fcb8f7f26bae6fe4d61f916402825708b422492a0015,2026-09-02 17:54:11+00:00,88520,1901-01-01,2024-04-22
HUE00100247,HUE00100247.csv.gz,638417,433fa9285f2736535d86f1da9dd20332580106da90a0f1b41ad57fd5c121fb5a,2026-09-02 17:54:11+00:00,91736,1901-01-01,2026-07-31
HUE00152455,HUE00152455.csv.gz,590561,faea72178612e26f756b52b2eb4a86a91103fcd000b64cd323f2464b1056cce7,2026-09-02 17:54:11+00:00,91730,1901-01-01,2026-07-31
HUM00012772,HUM00012772.csv.gz,305417,9cbc2434ba7b480282487d747112241fc766bbf4419c4afc68f9944c4fe79d5c,2026-09-02 17:54:11+00:00,32368,1952-01-01,2024-05-02
HUM00012843,HUM00012843.csv.gz,297133,b96aefceeae28a8ce2f145e93de04e2797d16cfbb92434ad709481f18a0bab1f,2026-09-02 17:54:11+00:00,31488,1973-01-04,2026-08-26
HUM00012882,HUM00012882.csv.gz,293293,01ff1519ba7091ca26300dd0b081349af241183d7b85b881bb15ccc9bf7061ba,2026-09-02 17:54:11+00:00,29263,1952-01-01,2024-05-02
HUM00012925,HUM00012925.csv.gz,290242,22a415a6c13528f26501b87031c422d5279d958603c6d836e216219477d010c1,2026-09-02 17:54:11+00:00,30621,1973-01-04,2026-08-26
HUM00012982,HUM00012982.csv.gz,287875,7b2c8bfbd731ca54945bcf2b2d9509645ae6102b26bf789f056e8e3f4a65a1e3,2026-09-02 17:54:11+00:00,29161,1952-02-04,2024-05-02
IT000016090,IT000016090.csv.gz,413009,b957b0b04cdb86d2212a8964dc371dab9ff975d44f9849511c553efca024526f,2026-09-02 17:54:11+00:00,48043,1951-01-01,2025-08-24
IT000016134,IT000016134.csv.gz,358239,3e1e9e11ede763e75983a070c6d7efd5f61346813f2f44ec87e048875d79a160,2026-09-02 17:54:11+00:00,45540,1951-01-01,2025-08-24
IT000016232,IT000016232.csv.gz,135624,98354b2291c01774442c410c19a59e083dd4182da56003c234d9496fea624768,2026-09-02 17:54:11+00:00,13166,1975-03-17,2025-06-07
IT000016239,IT000016239.csv.gz,428038,d8ce035f5de1968ae786762b8ddaabaef8325b4fefceea0327e1e70e9e3a8a60,2026-09-02 17:54:11+00:00,49043,1951-01-01,2025-08-24
IT000016320,IT000016320.csv.gz,437728,a13ce772bb422cd1e96c8efab1645ad9998903eca4e7d330ffab49ca6001cd1d,2026-09-02 17:54:11+00:00,49535,1951-01-01,2025-08-24
IT000016550,IT000016550.csv.gz,356620,e05ff0877a36e1490d950462b2cdb1598c488bcff38802305ab50fe8d7e0a1c2,2026-09-02 17:54:11+00:00,50267,1951-01-01,2024-12-31
IT000016560,IT000016560.csv.gz,430875,dc7c8c74f3779acf70db3786e8f4141321f35a651194f57c7144b636967c570b,2026-09-02 17:54:11+00:00,48180,1951-01-01,2025-08-24
IT000160220,IT000160220.csv.gz,380969,8fba993521efd9fcd88b2459566db1c5d09b0b10860e8eaa00c06818499b35fe,2026-09-02 17:54:11+00:00,48452,1951-01-01,2025-08-04
IT000162240,IT000162240.csv.gz,282418,a14a7cdaf9ff39e68ba40b0222e734121db6f32300eeb321ec1afc0251c9178f,2026-09-02 17:54:11+00:00,47182,1954-10-02,2025-08-23
IT000162580,IT000162580.csv.gz,290062,f78901893f23783a4afadb3728512ceb553089038575103f48e1f4ee7f6f132d,2026-09-02 17:54:11+00:00,49485,1951-11-07,2025-08-24
ITM00016008,ITM00016008.csv.gz,283698,401b6f9fc377636ea8333d4b181a6670d9989f0fbe69ca3989297a55c16fa429,2026-09-02 17:54:11+00:00,28161,1967-01-21,2025-08-24
ITM00016033,ITM00016033.csv.gz,252142,df2228baf99d26d60bd5d861541e53d58aace969cafdf008fab98d5a52e2e55f,2026-09-02 17:54:11+00:00,23336,1973-01-03,2025-08-24
ITM00016045,ITM00016045.csv.gz,177784,9f625dc97a2c19a7dc9aa2680792c42518244f661ce880ec84337b15a672cfa7,2026-09-02 17:54:11+00:00,15228,1978-08-01,2025-08-24
ITM00016052,ITM00016052.csv.gz,169323,2855080fd71147ef7a39f3d79206cb56ce49e721cb808bfb8c1aae121906e640,2026-09-02 17:54:11+00:00,16915,1965-12-31,2025-08-20
ITM00016061,ITM00016061.csv.gz,230470,72344b4b24274b36025116304833e376571d9f482be9638bcbc23968959c36b5,2026-09-02 17:54:11+00:00,21082,1973-09-17,2025-08-22
ITM00016064,ITM00016064.csv.gz,136810,0b2b5514fbe7abd08b2b54b020572157478b57f30d7e115c6d6b6a55107f82b1,2026-09-02 17:54:11+00:00,9021,1974-08-31,2025-08-24
ITM00016088,ITM00016088.csv.gz,237883,9af72c0b9cda1b5ea5a722db2f733f86c54db3447ffb6f5b13fefd5cfba52a0c,2026-09-02 17:54:11+00:00,21900,1966-10-08,2025-08-24
ITM00016098,ITM00016098.csv.gz,247000,eb18e223c327bbd745bcc8332897629540f7386b03d68541f2499bc20e8551b2,2026-09-02 17:54:11+00:00,23510,1966-09-29,2025-08-24
ITM00016110,ITM00016110.csv.gz,259399,d5698f734ec4d5bb327505c7a4a7451dc19172ac8573dcf8690c6e3176bbbcaf,2026-09-02 17:54:11+00:00,26369,1966-01-26,2025-08-01
ITM00016148,ITM00016148.csv.gz,180743,d35592e5c53134e74c3dcb69af519e9deeea9f029a7a4685fb21f43797ee5aec,2026-09-02 17:54:11+00:00,13200,1973-08-14,2025-08-24
ITM00016149,ITM00016149.csv.gz,245944,922c45604db3ec0e4103ac57839eca651b9a320164b94c6d3c7c3260d393fd1d,2026-09-02 17:54:11+00:00,21237,1966-06-03,2025-08-24
ITM00016153,ITM00016153.csv.gz,279279,384fbcdb7dd81e3937aaddb92457ffeaf9ec645dea8d6505b29e20dfbf03699c,2026-09-02 17:54:11+00:00,27913,1966-01-13,2025-08-06
ITM00016158,ITM00016158.csv.gz,304031,84c65d4661db503ea4f16f9a9a0cda774f807a9a2fe978ebbe83091cec22a9e9,2026-09-02 17:54:11+00:00,31023,1957-07-01,2025-08-24
ITM00016179,ITM00016179.csv.gz,235163,287ea061acb51e9c6ddbe384138b593fdab9b44f94c527687840b40550c3cf40,2026-09-02 17:54:11+00:00,23076,1973-10-11,2025-08-24
ITM00016206,ITM00016206.csv.gz,288807,ee17398c254d25d2e1acf1685de8db8a59bcf09bc29c5d6efef1e236b1bd0ab5,2026-09-02 17:54:11+00:00,30915,1964-08-12,2025-08-24
ITM00016219,ITM00016219.csv.gz,237930,433fa0099f576656e7ade9119b1e6affc11503928a50fdb5aefbbe19653d8fd3,2026-09-02 17:54:11+00:00,21431,1966-01-26,2025-08-24
ITM00016245,ITM00016245.csv.gz,174190,2f9afe3564d1f2d7c9fb1534718a2bcbe08fc24c7e268a9a2955bb8cd75f6588,2026-09-02 17:54:11+00:00,14076,1988-02-11,2025-08-24
ITM00016252,ITM00016252.csv.gz,271351,baac6d2f12f830f3725393d58c651910ae37595d566c6256173f0bea5da73025,2026-09-02 17:54:11+00:00,27606,1966-01-26,2025-08-20
ITM00016253,ITM00016253.csv.gz,180112,a6fb53eb29e610a5c4dc2ba74f7e3f4fdd530aa692fcdad9250f05c52e2ea97f,2026-09-02 17:54:11+00:00,14173,1969-11-28,2025-08-24
ITM00016280,ITM00016280.csv.gz,276997,337be49acf5d25a3d3a25359a60637ca04da0cadedd667e93fc0cde6afd87f81,2026-09-02 17:54:11+00:00,30582,1965-12-31,2025-06-17
ITM00016310,ITM00016310.csv.gz,265185,4e3008214db9d9984f73735060a463b355d1f69fafea4b193c1c09138c6be539,2026-09-02 17:54:11+00:00,31057,1964-08-14,2025-04-30
ITM00016325,ITM00016325.csv.gz,271638,f0bb117f412832167222943fe91c64b1c7009cfc8753a4f764e111403ddb983f,2026-09-02 17:54:11+00:00,28376,1967-03-18,2025-08-24
ITM00016344,ITM00016344.csv.gz,156006,c16359d2bd9b1a5ab5acaf51cb3066a7e8f31d48ef89aae219a9bf7f3be5e264,2026-09-02 17:54:11+00:00,12432,1974-10-15,2026-08-26
ITM00016360,ITM00016360.csv.gz,276916,3a85fad4be47979ad89959a7debec4dd69bdee0c0d9de5b0b95ed86d1e3b2871,2026-09-02 17:54:11+00:00,29162,1966-01-26,2025-08-24
ITM00016400,ITM00016400.csv.gz,265362,62abdbfc7a1c0edf9c054e1bc980f369c7a959f1a8b29bd8772ebf93df8c2fe0,2026-09-02 17:54:11+00:00,28891,1957-07-01,2025-08-24
ITM00016420,ITM00016420.csv.gz,290101,a2e87d859264a803ab671d56b36586c13f7174512a7bb63c08fecf58ab1b2040,2026-09-02 17:54:11+00:00,30454,1957-07-01,2025-08-24
ITM00016429,ITM00016429.csv.gz,275332,4c31af41982edf9a184c7f66361fd0a440a2f175fa4d76427e41926b7e78531e,2026-09-02 17:54:11+00:00,28497,1966-01-26,2025-08-24
ITM00016450,ITM00016450.csv.gz,132327,db88773741cbb6f0923169d698ca322a16f11c9bc71237a1f1cbfbaa346000ef,2026-09-02 17:54:11+00:00,13186,1988-10-08,2025-08-24
ITM00016480,ITM00016480.csv.gz,273324,b7fa4a68fd5fa630e69201cb9d644dfcc357f6601bf590706604ff452c2ce747,2026-09-02 17:54:11+00:00,29674,1966-01-25,2025-08-24
ITM00016522,ITM00016522.csv.gz,180606,fc1c53930e673a91dda1ce4ffbe6b72e06470faa3ebbe6f84819f9850e738bea,2026-09-02 17:54:11+00:00,17515,1975-09-01,2024-12-30
ITM00016546,ITM00016546.csv.gz,183074,b4c420ee6f26b864b3f4337a25eeff88858b54948d6f60479d8742824079be0f,2026-09-02 17:54:11+00:00,14344,1966-12-17,2025-08-24
ITW00033126,ITW00033126.csv.gz,527816,44067ab035e3053898973e7743f203f4475c610b058dba473df280f56b6106f5,2026-09-02 17:54:11+00:00,41160,1960-03-11,2026-08-26
LG000026218,LG000026218.csv.gz,177646,4a1cdaba6dc61362435c043a962da8c2f90cb1017c9ac0141bb7c8fea424312e,2026-09-02 17:54:11+00:00,17455,1973-01-05,2026-08-26
LG000026227,LG000026227.csv.gz,265083,f5ce753b94ee769a704ab019f566d136b43f6cc53dc4cc2b6b5d59649cb9db3c,2026-09-02 17:54:11+00:00,15757,1973-01-09,2026-08-26
LG000026238,LG000026238.csv.gz,128387,6f2206b2cb72b9ceabefa567e7521f515a24a88cc94e515e5ff2c443a72c923a,2026-09-02 17:54:11+00:00,8461,1959-01-09,2025-08-24
LG000026247,LG000026247.csv.gz,335115,fbdeff0c411f30ff8933ba6e84a767c65d4e4255bbc225fa0d045ea233bafb1d,2026-09-02 17:54:11+00:00,34115,1959-01-01,2026-08-26
LG000026313,LG000026313.csv.gz,357170,340eb67e655f6f6029b68917c9d6e9e910211e3a23bcfe4396f707dc2b20f755,2026-09-02 17:54:11+00:00,34606,1955-01-05,2026-08-26
LG000026324,LG000026324.csv.gz,152222,d1cb3daf9cc3332e0ecc1f4f64454f3b7d04aa2cb9e495eb42d0fdcc75734f53,2026-09-02 17:54:11+00:00,11452,1959-01-01,2026-08-26
LG000026326,LG000026326.csv.gz,126926,a0d448ec6bcc4c52fb805fb559939a63f13404285762071edba14a2a0188b558,2026-09-02 17:54:11+00:00,7203,1959-01-01,2026-08-26
LG000026335,LG000026335.csv.gz,124107,5b28373718418349628cc0cd1ef652131c9e49a0dfb536f22ea14a558fb62b7f,2026-09-02 17:54:11+00:00,8235,1955-01-05,2026-08-26
LG000026346,LG000026346.csv.gz,183241,a0fc57307f729bbe385ecc8ab677752263812a7a6d68e7934b61e4d1b83a2f15,2026-09-02 17:54:11+00:00,13610,1959-01-04,2026-08-26
LG000026348,LG000026348.csv.gz,311078,e459f52ef7cfaa3a50b7073a593a303f43af784b0dee1c64e829c6cc3727753c,2026-09-02 17:54:11+00:00,31380,1949-09-07,2026-08-26
LG000026403,LG000026403.csv.gz,139994,1ae2013bbefb5428b22c7170e1dc8af5b9369111d7f9a69cf2f41c5e60fe67ea,2026-09-02 17:54:11+00:00,8972,1959-01-01,2026-08-26
LG000026406,LG000026406.csv.gz,726970,0594fd885a0d5feba72a4fc7f470d5c4801293e30eadc00f54303470c39c737a,2026-09-02 17:54:11+00:00,74767,1895-10-08,2025-08-24
LG000026416,LG000026416.csv.gz,167804,8e405b7322a1886fad0bd63e2b20652b1cbca708d99b2458fd15d69edd0fd702,2026-09-02 17:54:11+00:00,12902,1955-01-17,2026-08-26
LG000026425,LG000026425.csv.gz,129360,04cba5be85de77a025bc489ddce9263350a7c00ce7dd99be49117f0960f33be8,2026-09-02 17:54:11+00:00,8328,1959-01-01,2026-08-26
LG000026429,LG000026429.csv.gz,119146,007da2f3d682a4b5965195d4a7860b65fcf0d3e95b44d1495a52d445ef701ded,2026-09-02 17:54:11+00:00,7399,1959-01-01,2026-08-26
LG000026435,LG000026435.csv.gz,143575,e9d857e4fa5ed23f3a72fe5a93874db1ce312c688d2763b8b546482074e28078,2026-09-02 17:54:11+00:00,9895,1955-01-28,2026-08-26
LG000026436,LG000026436.csv.gz,119472,2e9e85c6d9b6f158cbb8bf60b07de1c0e748da3654b1e0cb4b80b8205ce3a4bd,2026-09-02 17:54:11+00:00,7164,1959-01-01,2026-08-26
LG000026503,LG000026503.csv.gz,76749,5079385a65863895be1c6b396c647045d4b77af7215ed6bd6316ed5450e66809,2026-09-02 17:54:11+00:00,4064,1959-01-03,2026-08-26
LG000026544,LG000026544.csv.gz,386097,fb280544bfffc0cc61cfe8137dd30555b543799843ce100ed8cf53c2428a344e,2026-09-02 17:54:11+00:00,36774,1955-01-01,2026-08-26
LG000026551,LG000026551.csv.gz,90838,319f6fb923d3e3bc4de6ff7653083374a7daf438469b29a622a5728373876db8,2026-09-02 17:54:11+00:00,4116,1959-01-01,2026-08-26
LH000026502,LH000026502.csv.gz,60420,4de1e00c65e68fcc6327d7353e37e9c168fccdb50cda9dafea5d9f8168cc6c01,2026-09-02 17:54:11+00:00,1251,1959-01-05,2025-08-21
LH000026509,LH000026509.csv.gz,560175,51bcd7f2697d7268840263627e750fa54012469433beb31eab1578cfd0b203d7,2026-09-02 17:54:11+00:00,66012,1929-01-02,2026-08-26
LH000026529,LH000026529.csv.gz,121305,34a0c7c3468836d472b2ce603526fe99ecc956587b04dd2c7795ede6f9fb1da8,2026-09-02 17:54:11+00:00,7588,1959-01-01,2026-08-26
LH000026531,LH000026531.csv.gz,337665,60ccade1ed367fe3bea17e9eb09b3b1705dc590404c670ba2fbf87cd80a00bec,2026-09-02 17:54:11+00:00,38920,1959-01-01,2026-08-26
LH000026603,LH000026603.csv.gz,77083,6e8e5009710094b22b3c42b26cac5e005d3a050d06c7ac66d28ff5ef2fd9a8f0,2026-09-02 17:54:11+00:00,3155,1959-01-01,2026-08-26
LH000026615,LH000026615.csv.gz,58695,5784b8a2061c582af6b628cd3268f744aa60435bfe5139eead9487b5dcf5855d,2026-09-02 17:54:11+00:00,1832,1959-01-01,2026-08-26
LH000026621,LH000026621.csv.gz,124461,06d736a4f0e62865b4747d9d4aa552592714bbbf95d662509cffd83dca3b9211,2026-09-02 17:54:11+00:00,7668,1959-01-03,2026-08-26
LH000026629,LH000026629.csv.gz,670549,92d2838404010082bfd00ed6189303ed3ae945b51c395c3c635f1a606d5063e4,2026-09-02 17:54:11+00:00,73012,1901-01-01,2026-08-26
LH000026633,LH000026633.csv.gz,216644,0c7393a28f2ea021ac7c4653b49a9ca22dfe329293d9372c1e5ca09dbbb03961,2026-09-02 17:54:11+00:00,17593,1959-01-05,2025-08-24
LH000026634,LH000026634.csv.gz,121459,543bb2db4596e1e105ac3d646ac1d32ce6bc8d70229f6a2eaf48be93286308dc,2026-09-02 17:54:11+00:00,3276,1959-01-01,2026-08-26
LH000026713,LH000026713.csv.gz,133290,68e802242a30326a5ce1cd6ec45f2986c674a68a9d1bacb50376e25828975c6b,2026-09-02 17:54:11+00:00,8998,1959-01-01,2026-08-26
LH000026730,LH000026730.csv.gz,835650,7a7b5f28aff0f9d2e9db3434d86e309f920e2cf6803463e627e46abe5d901051,2026-09-02 17:54:11+00:00,86244,1890-01-01,2025-08-24
LH000026737,LH000026737.csv.gz,123387,74815764e558c966fd741ef43a349fd90de627098307fafd602bc467c9950269,2026-09-02 17:54:11+00:00,7181,1959-01-05,2026-08-26
LO000011934,LO000011934.csv.gz,458187,2ec6bfd52fc80dc8654beacb216b1fd33dc0f41ef3ab7e9309fde72ba46bd80c,2026-09-02 17:54:11+00:00,52292,1951-01-01,2025-08-24
LOE00105562,LOE00105562.csv.gz,550870,7e78707fbcbbfd05bfd78ea7a1e1c8c086fea3a73e0e3a33cab4624f52b8d109,2026-09-02 17:54:11+00:00,73944,1901-01-01,2026-08-26
LOE00116344,LOE00116344.csv.gz,472175,06f0ef5005d0f24e4f49fa6ea57828111e0725619d6c12ba9feb41bd9555e9ae,2026-09-02 17:54:11+00:00,52693,1951-01-03,2025-08-24
LOM00011826,LOM00011826.csv.gz,297592,3bf3c241bd1dbe8063bcab128e96e85b257faa50b6a5f9c953254b758c80bfa4,2026-09-02 17:54:11+00:00,29550,1973-01-05,2025-08-24
LOM00011903,LOM00011903.csv.gz,255169,ab686ea3038f33aa20d8cef559a569b61396e69548696d910afa98940ccf168a,2026-09-02 17:54:11+00:00,26990,1952-01-03,2025-08-24
LU000006590,LU000006590.csv.gz,499180,d1c6cb1c037a5ec37f55d9da8bcb1ba943fce11079e5093f7d0f693c0a69c553,2026-09-02 17:54:11+00:00,57978,1947-01-01,2026-07-31
MT000016597,MT000016597.csv.gz,345659,5fe60526f295ff70cfe91194310831227a56181ebad670dccc0fbbb7718a87d7,2026-09-02 17:54:11+00:00,38073,1956-01-01,2025-08-24
NLE00113730,NLE00113730.csv.gz,137550,155c433ae2460e6652f03141224b9f8ff2e28bbb3298059ecd11f9e67a7fc9f1,2026-09-02 17:54:11+00:00,31209,1983-01-03,2026-07-31
NLE00152470,NLE00152470.csv.gz,498479,142f068da0d551bb9fd5245a9df9652f3fa4c2b774d333c49c3404a891bbca18,2026-09-02 17:54:11+00:00,87966,1906-03-01,2026-07-31
NLE00152473,NLE00152473.csv.gz,177527,cbb9fd69f493fe941dca4eb683f9831eeaa824689751d53163bf8e4a80cf898f,2026-09-02 17:54:11+00:00,27424,1989-01-02,2026-07-31
NLE00152474,NLE00152474.csv.gz,166838,13f1126f073eff1a9ecabcdc9d49c497db4766769982085cab2ddfd3feb6aa7e,2026-09-02 17:54:11+00:00,25834,1991-03-19,2026-07-31
NLE00152476,NLE00152476.csv.gz,187871,d59fba88608e240acfaf9656fe5ec950fb50fd5ab3d4f490480a8c7eff37232c,2026-09-02 17:54:11+00:00,28784,1986-04-25,2026-07-31
NLE00152477,NLE00152477.csv.gz,319510,e7df07b7473b91d8eb2cc88f9682589f49c0111e54a5222015a2a7b7997d27bc,2026-09-02 17:54:11+00:00,53722,1951-03-02,2026-07-31
NLE00152479,NLE00152479.csv.gz,170886,b9024d9bd29d2d2c38a6b6387d85d6639318f3ca2c1d4394537e99c76da21395,2026-09-02 17:54:11+00:00,26566,1989-10-19,2026-07-31
NLE00152480,NLE00152480.csv.gz,172009,567b524db7aa0796792c105fe9963425ceb9183004ad5926a5631df6d7203e6b,2026-09-02 17:54:11+00:00,26714,1989-10-25,2026-07-31
NLE00152481,NLE00152481.csv.gz,166051,817ff485f696c61d92c63be03ecfc88b7d2d3203d375420c22670577be36f3f0,2026-09-02 17:54:11+00:00,25738,1990-07-05,2025-09-29
NLE00152482,NLE00152482.csv.gz,169840,ecd2f7712994ac33861c4950f01abc9ec2efc772484cd72ced6334a9d325e08c,2026-09-02 17:54:11+00:00,26696,1989-10-19,2026-07-31
NLE00152484,NLE00152484.csv.gz,154892,669f92570417e20e301b85b7c17d942bf94b0afa861e3da69e855ce08c25979e,2026-09-02 17:54:11+00:00,23744,1989-11-08,2026-07-31
NLE00152485,NLE00152485.csv.gz,330313,5cf86cb977a0dbbf644fb2db0b262adfd49ea3cad81426f4dbc3ccc7ab2b7274,2026-09-02 17:54:11+00:00,55206,1951-01-02,2026-07-31
NLE00152488,NLE00152488.csv.gz,168249,4f53a2892f61193c318350ff0e4d69903370c13f621137daef645a878ec4900a,2026-09-02 17:54:11+00:00,26120,1990-07-05,2026-07-31
NLE00152489,NLE00152489.csv.gz,172186,ee3296d2f97d735906fb0f15587e29f1ff7f6b93289f6604c3f36c74c74aac56,2026-09-02 17:54:11+00:00,26628,1990-01-27,2026-07-31
NLE00152490,NLE00152490.csv.gz,306848,bd5ecd7057fee245e93620b77275228dbfd0851b09b1f87b5175998c7e23d8f9,2026-09-02 17:54:11+00:00,50860,1956-10-02,2026-07-31
NLE00152491,NLE00152491.csv.gz,312795,af6054e0b67ce4743e87eec753c025ee3d73855408aa706f66fc938af33a183f,2026-09-02 17:54:11+00:00,52874,1951-01-04,2026-07-31
NLE00152494,NLE00152494.csv.gz,184639,b164a88d63bd262bee57daa97504813cdc7a02922bf89bd4089a4803a2e57155,2026-09-02 17:54:11+00:00,32167,1971-01-03,2026-07-31
NLE00152495,NLE00152495.csv.gz,324837,ab8f155c23a6a8da69accd6d955760befefa0954255672a16f7004ed4f9f3964,2026-09-02 17:54:11+00:00,55204,1951-01-02,2026-07-31
NLE00152497,NLE00152497.csv.gz,298788,9bacc0a881c8e83ad3bdd9e3ef8fc8ab464aa2466857ba6e7bbed690987a3028,2026-09-02 17:54:11+00:00,51492,1953-12-16,2026-07-31
NLE00152498,NLE00152498.csv.gz,170669,4bc0b6ee41a1bf7827e8fc8bba3df5c19fb7ac9413486efe305b876ee7a890b3,2026-09-02 17:54:11+00:00,26712,1989-10-19,2026-07-31
NLE00152499,NLE00152499.csv.gz,309996,f8677d23ac19e433cd9baac796335c25670eea0e0781d2412f3789ffdac8e762,2026-09-02 17:54:11+00:00,55140,1951-01-02,2026-07-31
NLE00152500,NLE00152500.csv.gz,325987,938cd7590910f76666db3e8e327156157411106a6d4b67182d321d8b10a77445,2026-09-02 17:54:11+00:00,55164,1951-01-02,2026-07-31
NLE00152502,NLE00152502.csv.gz,164630,c85bb2da2a329738f840a89068e3f494bbc90f96758f029f5b8780c01009fa38,2026-09-02 17:54:11+00:00,25635,1991-06-26,2026-07-31
NLM00006235,NLM00006235.csv.gz,819599,c23b2380fcfafa974c4534bdbed04a32649332511b2f8cc16c3f7bbf5fe19dd0,2026-09-02 17:54:11+00:00,87538,1906-01-01,2026-07-31
NLM00006260,NLM00006260.csv.gz,786947,7d4d374b6162010e86ccb0907b3ed376b4faad3dc5feb055bd7b01b4753cc2c6,2026-09-02 17:54:11+00:00,91736,1901-01-01,2026-07-31
NLM00006280,NLM00006280.csv.gz,437727,96b1f5b0d4bac886ef282bb918f9f0ac99da6b94fef34fd8fe274e8e1859d218,2026-09-02 17:54:11+00:00,30453,1949-01-01,2025-08-24
NLM00006310,NLM00006310.csv.gz,576342,5a356295de20baa8b392042261c01c80d9b3a82a129e5db22373c54d7866ec6a,2026-09-02 17:54:11+00:00,87478,1906-01-01,2026-07-31
NLM00006380,NLM00006380.csv.gz,624119,cba288c74ff188b8525d06f30ced3567515e70bfa3cd5f117be7f5b17fa8c271,2026-09-02 17:54:11+00:00,88084,1906-01-01,2026-07-31
PL000012120,PL000012120.csv.gz,375505,8a8eac2e00f3d518b3144ef3dd49ebbe71b19ad5fa58a043fc252e6db0397540,2026-09-02 17:54:11+00:00,41292,1966-01-01,2026-08-26
PL000012385,PL000012385.csv.gz,380954,57e7f02df639b9381871e543ebd08a3876bc7571ce5eb04b9da55dbcccb25053,2026-09-02 17:54:11+00:00,41375,1966-01-01,2026-08-26
PLM00012160,PLM00012160.csv.gz,251106,4ab2e8074e45957f4e62dc74ce187a181a3da5b97d4a39ab69740c6fc27d394a,2026-09-02 17:54:11+00:00,24054,1936-03-02,2026-08-26
PLM00012205,PLM00012205.csv.gz,389396,a9e8b3bdd210daf7d12568dd3fc024cbd3a7c9da9db8167f756a5ec1ee02147a,2026-09-02 17:54:11+00:00,41362,1931-01-02,2026-08-26
PLM00012295,PLM00012295.csv.gz,369701,537737712726f2fc38f20ac4580b0bb73d55913a778ff268b087b78c19c5f13b,2026-09-02 17:54:11+00:00,39170,1952-01-04,2026-08-26
PLM00012330,PLM00012330.csv.gz,341453,47a8e6fd4becc68e56fdc631ab59a95c926640dc9119e9a90495919d2b53b45c,2026-09-02 17:54:11+00:00,33450,1940-01-01,2025-08-23
PLM00012375,PLM00012375.csv.gz,329752,328c1f16359f92ea47585e67ce3b82e82451640b93342efe0492c74d9bc5c14a,2026-09-02 17:54:11+00:00,31451,1952-01-02,2025-08-24
PLM00012424,PLM00012424.csv.gz,304656,eda2177187644e257b51530ad2a19b5d65ea3f00105189240bf476daa48455cd,2026-09-02 17:54:11+00:00,29652,1939-05-26,2025-08-24
PLM00012497,PLM00012497.csv.gz,271563,7eeb72b8acc5bd8ac50710968b51628a640434a6bb6fef22fed231701b6c8064,2026-09-02 17:54:11+00:00,26918,1973-01-04,2026-08-26
PLM00012566,PLM00012566.csv.gz,241803,9037cd1beeb3923b0d95880599a593a9329740f83a71b8a3ae32bb9ade776634,2026-09-02 17:54:11+00:00,20073,1973-01-04,2025-08-24
PO000008506,PO000008506.csv.gz,116002,6463019fc568d6eb778e05b64209e8bce711d30f19cfa47c9f319d2456ac0ba5,2026-09-02 17:54:11+00:00,11957,1973-01-02,2026-08-26
PO000008535,PO000008535.csv.gz,540150,c15c6145079ce042fb6e16c4c3881fbbb3945699bcc25c70aa968827d95080fb,2026-09-02 17:54:11+00:00,88276,1900-12-31,2026-08-26
PO000008546,PO000008546.csv.gz,344105,5b9aea7a1c9ec56dc527bd418c0029ff77363452039329cc743b068f0fa9a08d,2026-09-02 17:54:11+00:00,52374,1940-12-31,2026-08-26
PO000008562,PO000008562.csv.gz,380705,55a76923e73af3f7dc5ce0922bae24123dec2bb861b64d112dbaef44178459c1,2026-09-02 17:54:11+00:00,41309,1957-12-31,2025-08-06
PO000008575,PO000008575.csv.gz,446599,684ec5361be9e03e09736b1ee50e899f74b25e5177a27f922a6ae430ffb62b6b,2026-09-02 17:54:11+00:00,55552,1940-12-31,2024-01-08
POM00008501,POM00008501.csv.gz,197906,3a307022c9f58f451658f0d5273feb5d363ff70847e2d221beda4953029cb407,2026-09-02 17:54:11+00:00,20167,1979-01-09,2022-09-29
POM00008512,POM00008512.csv.gz,211158,0dcc669acf8014e1f6c30743760960b793bf1ae78725687e268409cfd69af93c,2026-09-02 17:54:11+00:00,22078,1973-01-02,2022-09-28
POM00008515,POM00008515.csv.gz,249084,2b99afefd0b7152f7668a61f8ebec51443e8e84ae8f1d2f668c650111bd5808c,2026-09-02 17:54:11+00:00,25851,1953-04-20,2022-09-29
POM00008521,POM00008521.csv.gz,258652,d05aafc424c7df188d96eda078121283c78700a8240a188e34ef51f5e4e787b8,2026-09-02 17:54:11+00:00,30944,1973-01-01,2026-08-26
POM00008524,POM00008524.csv.gz,241298,8edf67e554888b6396d85956542a03208108f436e2c0cbfc5dc05152833015e4,2026-09-02 17:54:11+00:00,28210,1973-01-01,2025-08-24
POM00008554,POM00008554.csv.gz,229981,d7f33163439bb27f9ece97cc86fdb9881819254c84a4a85429576ed5f536995b,2026-09-02 17:54:11+00:00,21812,1973-01-01,2023-10-28
POM00008570,POM00008570.csv.gz,133258,4ada8da0e4c1eb1c67c8c15c92017c894da4ea3c9946634371e89dadc873a3d3,2026-09-02 17:54:11+00:00,14228,1990-10-17,2026-08-26
POW00013201,POW00013201.csv.gz,464098,7b45aa99660a3c38fdb98d3ffc0df6984003cfad34be87c60df66e3419f21d21,2026-09-02 17:54:11+00:00,33184,1949-01-01,2025-08-21
ROE00100829,ROE00100829.csv.gz,554575,07ad4e2e93c1e2ffa7cfdb8e5e8f5ed04562732cb3466c5f51c6b782291d2793,2026-09-02 17:54:11+00:00,82008,1896-01-01,2026-05-31
ROE00100898,ROE00100898.csv.gz,322939,b22bb82be369c9ac46d49694ad197eaeb9aaeac30e6cfea5e5b85dd1b2a7aaa3,2026-09-02 17:54:11+00:00,58488,1896-03-01,2026-05-31
ROE00100900,ROE00100900.csv.gz,591900,0811036a701df462fbab328d923089b74f61df0d2580151e69ec14ec239d2dcb,2026-09-02 17:54:11+00:00,82190,1896-01-01,2026-08-26
ROE00100901,ROE00100901.csv.gz,536185,83271e22fcf740d9f98afc1f3e6684ccadf1535553a25dcf0df2ae3f4a77a2f3,2026-09-02 17:54:11+00:00,91803,1898-01-01,2026-05-31
ROE00100902,ROE00100902.csv.gz,604271,37188d67242280b79fb7946da3520b9424691b3dff4dd15914480ce9e20a0990,2026-09-02 17:54:11+00:00,70870,1921-03-01,2026-05-31
ROE00100903,ROE00100903.csv.gz,553322,784bef7d7d732b4d3dbdf33669cf84fa35ec4f1e283557a15029e51933edbb2a,2026-09-02 17:54:11+00:00,92388,1896-01-01,2026-05-31
ROE00108887,ROE00108887.csv.gz,308157,929f19704e08e70e0564190197a65ee585b823d69f132158fabc43e1312421b4,2026-09-02 17:54:11+00:00,47724,1961-01-01,2026-05-31
ROE00108888,ROE00108888.csv.gz,309496,426c6b5034ff46eb1dfadfb4d93e892ad646c67eae606856fc28fc4da18616bf,2026-09-02 17:54:11+00:00,47724,1961-01-01,2026-05-31
ROE00108889,ROE00108889.csv.gz,549077,ea83fca03ed7bbe141c8ded987aa7ad765c1c608202601680031e01cf2d2e4d5,2026-09-02 17:54:11+00:00,70951,1929-01-01,2026-05-31
ROE00108890,ROE00108890.csv.gz,424037,645cb42a57d32ea24cb2647367559ddf3a8fa981537f30b9420a24a290e5cc21,2026-09-02 17:54:11+00:00,47776,1961-01-01,2026-05-31
ROE00108891,ROE00108891.csv.gz,297142,9581c1eedfc9bfe5aa150d61978b8f7c0f654909a09c9a82fa14c882dfa5e4ba,2026-09-02 17:54:11+00:00,45504,1964-01-01,2026-05-31
ROE00108892,ROE00108892.csv.gz,457963,27bc4ab0a422d48cd57ae9b0398139297a37e4a486b3172acb656bbecbb1a2eb,2026-09-02 17:54:11+00:00,52237,1952-01-01,2026-08-26
ROE00108893,ROE00108893.csv.gz,419953,1c1c7886503aa6480a3b20f301d2776fc16007346d58ac631b1dc837f3cef94d,2026-09-02 17:54:11+00:00,47751,1961-01-01,2026-05-31
ROE00108894,ROE00108894.csv.gz,310244,5f47f32e3c3f3e264be0c1ee295ce4b537e62638c851345d59976e1e4375b369,2026-09-02 17:54:11+00:00,47720,1961-01-01,2026-05-31
ROE00108895,ROE00108895.csv.gz,461981,ad6101f6d23a82909ef4a0e70035c6c114afa18968b53742525083d9fc81e97a,2026-09-02 17:54:11+00:00,51531,1953-01-02,2026-08-26
ROE00108896,ROE00108896.csv.gz,444773,377759c1f3f90f50aace2ebff91f387bd93b0b4285262e9447e45fdf31034326,2026-09-02 17:54:11+00:00,51064,1952-01-01,2026-05-31
ROE00108897,ROE00108897.csv.gz,311836,3d2932509852d0805e72d101a4488200ca0fb083653e440fb24da57bfa9609e2,2026-09-02 17:54:11+00:00,47724,1961-01-01,2026-05-31
ROE00108898,ROE00108898.csv.gz,305917,cd5888bdb2855f56c1b8987df1c399abdd3df27c98109e10c7e57d6f6681dfa7,2026-09-02 17:54:11+00:00,46865,1961-01-01,2026-05-31
ROE00108899,ROE00108899.csv.gz,309332,7533e715d8bd9341f498c3d821388e14505e655df618e327ecc0a46b9d242a0d,2026-09-02 17:54:11+00:00,47724,1961-01-01,2026-05-31
ROE00108900,ROE00108900.csv.gz,308211,7ca8276f02a8df471ab56d50f3279e08c09f035837aaa27164c7c5cb5c81b4d5,2026-09-02 17:54:11+00:00,47724,1961-01-01,2026-05-31
ROE00108901,ROE00108901.csv.gz,428767,c1eb7dd1804c93047185b6c102752295a7fb6db9857ff1b9ac2347e5f715ff7c,2026-09-02 17:54:11+00:00,48498,1952-01-01,2026-05-31
ROM00015023,ROM00015023.csv.gz,163059,4e3f699163bcc8683f8f2ad03ac5c290a932f6aa7668c5843fd13585897fbe07,2026-09-02 17:54:11+00:00,11040,1973-03-29,2025-08-24
ROM00015085,ROM00015085.csv.gz,306190,50cd121ffd1c32e426a748a7f1e31742aeef2e435a053d332cc0e97d86520768,2026-09-02 17:54:11+00:00,39704,1961-01-01,2026-08-26
ROM00015247,ROM00015247.csv.gz,226054,b9a06c220e8389bb3b6edd502e2bdf975a1e94ba7d512af9a45e28e4a4752800,2026-09-02 17:54:11+00:00,19125,1952-01-04,2025-08-24
ROM00015280,ROM00015280.csv.gz,512672,4132d6020bcd00f4f47562374d0abe3b9f62735b97921822ccb33d545b83d568,2026-09-02 17:54:11+00:00,54992,1928-01-01,2026-08-26
ROM00015360,ROM00015360.csv.gz,424501,7e9f0eb2c42df75bc555fbc027f89a2559cf4615a339c1f7a76bfe3169d3ea56,2026-09-02 17:54:11+00:00,46292,1952-03-03,2026-08-26
SIE00105938,SIE00105938.csv.gz,470240,5061421d62bd6685cd9c394425b074eab0f2e834e64d0de4b0eed918a9611ed9,2026-09-02 17:54:11+00:00,51810,1955-01-01,2026-08-26
SIE00114856,SIE00114856.csv.gz,166067,606079cbf69768f0ef384385fb6909fa4faab88dd62f4e916dfa7d0f3da35ac4,2026-09-02 17:54:11+00:00,25277,1989-01-01,2023-08-31
SIE00114956,SIE00114956.csv.gz,305516,1f2430b3395ab61cc789940af9adb36771408357db075dcf9335ffd3f883d2bc,2026-09-02 17:54:11+00:00,44239,1961-01-01,2023-08-31
SIE00115006,SIE00115006.csv.gz,161654,186e6e55436c9d6e98c5b78630a981e862914d54199cddfd371586c2a5cb48b2,2026-09-02 17:54:11+00:00,24548,1990-01-01,2023-08-31
SIE00115016,SIE00115016.csv.gz,320704,2a55a07e62ea95fc7d600ae443b27e3669adbc2bd2d50bcaf4a547b12a928cf4,2026-09-02 17:54:11+00:00,44919,1961-01-01,2023-08-31
SIE00115066,SIE00115066.csv.gz,320438,9bfc3d70804e7fbddd5bef821579dc75525cd34a5c1611b56900c17fd4abb59d,2026-09-02 17:54:11+00:00,45762,1961-01-01,2023-08-31
SIE00115076,SIE00115076.csv.gz,301814,be0de65cb835af1ae3c02cf524ff6b2feea80cf1e9706ea80989541967ad2194,2026-09-02 17:54:11+00:00,45035,1962-01-01,2023-08-31
SIE00115126,SIE00115126.csv.gz,254772,9b08b350b537ce4349226cd075abec344fc726aa558fecedd63f16e2b905eddb,2026-09-02 17:54:11+00:00,37023,1973-01-01,2023-09-30
SIE00115136,SIE00115136.csv.gz,297175,8953855a6059ce3c9659455b0475d2ed3d88775e6dbf7e0a2f8ed45979ad9d26,2026-09-02 17:54:11+00:00,45615,1961-01-01,2023-09-30
SIE00115146,SIE00115146.csv.gz,271017,d6a39241fe10170cf93dfda15d0088908c7d3d96fda7b41cc86237b9eb60e71f,2026-09-02 17:54:11+00:00,41382,1964-01-01,2023-09-29
SIE00115156,SIE00115156.csv.gz,221402,5bc1a0cb36e95f36602619161258914b349d49f28a98f1ec4cdc8c6bffdc0178,2026-09-02 17:54:11+00:00,34001,1977-01-01,2023-09-30
SIE00115166,SIE00115166.csv.gz,169777,b55ae6f62219b603a24ca9c504eaa05ffa469e9fc59d0c7fb1bd9ea7fa262baa,2026-09-02 17:54:11+00:00,26250,1987-01-01,2023-09-30
SIE00115186,SIE00115186.csv.gz,177785,7aa40f92ba1847268d09c9a68842c0db9bee799f7d3ae7a268df023cd0a2bc03,2026-09-02 17:54:11+00:00,25399,1985-01-01,2023-09-30
SIE00115196,SIE00115196.csv.gz,286208,6df320cf1886085f7fdd17d2da40fb60c7c247462759302cd6d44d6f201edbb1,2026-09-02 17:54:11+00:00,44167,1961-01-01,2023-09-30
SIE00115206,SIE00115206.csv.gz,330648,6daddf7a1a8415477c119ed675e8a9369cdd46cd472507c80691990441946126,2026-09-02 17:54:11+00:00,45788,1961-01-01,2023-09-30
SIM00014015,SIM00014015.csv.gz,647252,1f3e0505ea587c0bf2ad74fde49a679fc7ecad74d6ab55521aacfa39e07279e9,2026-09-02 17:54:11+00:00,88783,1900-01-01,2025-08-24
SP000003195,SP000003195.csv.gz,496469,9f149ad68c40fab6ab5bb42bf39583c0ac4b992e6e7a2871f32c6fc495265679,2026-09-02 17:54:11+00:00,77392,1920-01-01,2026-08-26
SP000004452,SP000004452.csv.gz,422718,c0d58a6b614a4264a201e93bcfebb1c7568c54829985180a32e1d5fb0f98ba5d,2026-09-02 17:54:11+00:00,51924,1955-01-01,2026-07-30
SP000006155,SP000006155.csv.gz,466495,870b0238189e24383f07deb1ae3c683d9d28c26071d7ce6d05a8a56a6ce58437,2026-09-02 17:54:11+00:00,61161,1942-05-01,2026-07-30
SP000007038,SP000007038.csv.gz,462255,738ea41ef58ae809ed2abbc093aa872b618c791ca2c6cf13ed3bd0efa2a0ffb6,2026-09-02 17:54:11+00:00,66963,1927-01-01,2025-08-20
SP000008027,SP000008027.csv.gz,574498,8afd299d1794d1a7f45abf24d4f9a85180386a5feb3c8202295cba936ced6284,2026-09-02 17:54:11+00:00,72868,1916-04-01,2026-07-30
SP000008181,SP000008181.csv.gz,493816,db853887199c8f118e4669868a24f46c034cfa065ff3f758f167ef452fb954df,2026-09-02 17:54:11+00:00,62849,1924-03-01,2026-07-30
SP000008202,SP000008202.csv.gz,474362,5e3362decd069d5eb749f3885fc73208885140f193295252efb8a8cd6e5ed0c7,2026-09-02 17:54:11+00:00,58991,1945-01-01,2026-07-30
SP000008215,SP000008215.csv.gz,481308,835cccb5cbf5cf9a0bb7467474a76c097554944ba4ed976cde3e41b105d6bd75,2026-09-02 17:54:11+00:00,57675,1946-01-01,2026-08-26
SP000008280,SP000008280.csv.gz,591441,54b9e039d810420e548ced32fa1b2def6cbc0a60e69a798f5cf792816aa04d6b,2026-09-02 17:54:11+00:00,85133,1901-01-01,2026-07-30
SP000008410,SP000008410.csv.gz,401858,bbe1757c7f35806a5506c12aa9b2cbc9a3f943cf061917b00682ac49816db836,2026-09-02 17:54:11+00:00,48530,1959-04-01,2026-07-30
SP000008416,SP000008416.csv.gz,413755,e2095d396ddb4e287de2d00e6260026a4a11537cfa81d6c32acda64fa414846a,2026-09-02 17:54:11+00:00,66342,1935-01-01,2026-08-26
SP000009434,SP000009434.csv.gz,357729,aa425e231844285628dd530f9ddb9b2463329f249d7932a559a75ef45598c102,2026-09-02 17:54:11+00:00,54784,1951-01-01,2026-07-30
SP000009981,SP000009981.csv.gz,656801,6a3ecdd401275280a373c80471d1c9e7898e0723faaba5aecf3dd49a7bb8aab7,2026-09-02 17:54:11+00:00,88284,1905-01-01,2026-08-26
SP000060010,SP000060010.csv.gz,521928,7646f6a52c1cc6f270b8e420cb2cab824c27c1142699a1d82009f24b9257d7ee,2026-09-02 17:54:11+00:00,76876,1919-01-01,2026-08-25
SP000060040,SP000060040.csv.gz,337231,e069edc1d7facd5feb3bcb0de96cd1fd5d1ff57dfc851cf08abf024ce655c66b,2026-09-02 17:54:11+00:00,40969,1959-02-19,2026-07-30
SP000060338,SP000060338.csv.gz,381174,2ce696657ac1d8483fd7442db8177e1f8e7348fc31f6c51d5b99902924a9c5c7,2026-09-02 17:54:11+00:00,46876,1961-05-01,2026-07-30
SPE00101035,SPE00101035.csv.gz,263122,ec28e950680580a54b301f0f18983492425c3c76edf0653fd614b66fa0fe52c9,2026-09-02 17:54:11+00:00,43400,1967-01-01,2026-07-30
SPE00101043,SPE00101043.csv.gz,385423,5dde1d9da536a091ff916ab00e77dc58b510949825685f364bf5efb3f12d521c,2026-09-02 17:54:11+00:00,64029,1938-09-01,2026-07-30
SPE00119711,SPE00119711.csv.gz,528738,13f694f137f22c2b9694ee115c85534262756f39ed0aaee77f7ee890d5410983,2026-09-02 17:54:11+00:00,69918,1930-10-01,2026-08-26
SPE00119720,SPE00119720.csv.gz,342231,0fa2d1ebb4c7347b8b9b8950fab3ee80a9186378559e167d496b0b39d5810312,2026-09-02 17:54:11+00:00,39729,1971-12-01,2026-07-30
SPE00119729,SPE00119729.csv.gz,473515,79b7c4320686e9e03db938b7581453a16235c813780954d0a9ab59fa0ebae1e4,2026-09-02 17:54:11+00:00,59340,1944-11-01,2026-07-30
SPE00119747,SPE00119747.csv.gz,334505,a3512124ab9d1fc522c44f356831cec25f5695f214ef592395e2824e4190d5b3,2026-09-02 17:54:11+00:00,37516,1973-01-05,2025-08-24
SPE00119756,SPE00119756.csv.gz,197996,46d5591e18741025800884ec3d2ca5a51f39f261f4fe7f0a41f2ca8647897a2e,2026-09-02 17:54:11+00:00,31821,1983-01-01,2026-07-30
SPE00119783,SPE00119783.csv.gz,352284,b9f7043a404cab9e6506c5be8bc376767a656ba6761c6611263df633af08976c,2026-09-02 17:54:11+00:00,42619,1968-01-01,2026-07-30
SPE00119792,SPE00119792.csv.gz,361674,dbac806c4036ca689d1e78ebd8650b2f90108b0d7c475d0ae523550baaa151fe,2026-09-02 17:54:11+00:00,42028,1968-08-01,2026-07-30
SPE00119819,SPE00119819.csv.gz,231731,d95dcf9f341c0686cd635010583f4bbddcf4d9f63f8ccca3997a4709c114a9c6,2026-09-02 17:54:11+00:00,30200,1973-01-01,2026-07-30
SPE00119828,SPE00119828.csv.gz,330896,f3bab3eecda6c95ad1ef45ba8cff9096ecb09676f6d070e9ac5324ae53e38525,2026-09-02 17:54:11+00:00,37003,1972-12-01,2024-09-30
SPE00119837,SPE00119837.csv.gz,288057,2c0c0375b99f881c4478480ec2454a2fa701947912eb641f888b21eb2cd915ac,2026-09-02 17:54:11+00:00,36810,1973-01-01,2026-07-30
SPE00119855,SPE00119855.csv.gz,371301,6eee7d7e71f9f97a04d11787b2d9a3b92348afaa8b09de5cea42121afa238b57,2026-09-02 17:54:11+00:00,42345,1965-01-01,2026-07-30
SPE00119864,SPE00119864.csv.gz,357698,75dde35c8f9d56552d2f644ae15c020bb5d64945d2673c2967e70e092264356f,2026-09-02 17:54:11+00:00,43157,1965-01-01,2026-07-30
SPE00119882,SPE00119882.csv.gz,338866,385a3ec57caf246830aea1eac57f882992bbebc4134110aaefd053abdc660aa0,2026-09-02 17:54:11+00:00,39240,1972-08-01,2026-07-30
SPE00119909,SPE00119909.csv.gz,472421,ae627aba4eefb485b823f5cd9e4d126e5d26e6f911011b35fba648ecfe502b06,2026-09-02 17:54:11+00:00,60595,1943-08-01,2026-07-30
SPE00119918,SPE00119918.csv.gz,295163,a221cbda78980a79fda6ae10488f67155950e0692b9dc4c7d6a8703c80d17d1f,2026-09-02 17:54:11+00:00,33157,1973-01-05,2026-08-26
SPE00119936,SPE00119936.csv.gz,313141,b45c79afa7271ec1d44c3e42c6aaa0a4551b463bf26a169a566767d45b2b8c22,2026-09-02 17:54:11+00:00,49441,1955-06-01,2026-08-26
SPE00119945,SPE00119945.csv.gz,432938,34b09a66d0004831fb172510b78aba2b712eca21b4a09a8bd48057a2a0d4f6a3,2026-09-02 17:54:11+00:00,53848,1952-05-01,2026-07-30
SPE00119954,SPE00119954.csv.gz,170764,1d269a525f6c87d55afea4ee4ce5a64c219ab07fcaaa8b6cc548b97163e4589b,2026-09-02 17:54:11+00:00,27653,1988-09-01,2026-07-30
SPE00119963,SPE00119963.csv.gz,337796,3badcc1683bcc3a4515c35a7a73c6c3cd64ee9a022c4f3bb7b1af53947aecf20,2026-09-02 17:54:11+00:00,56269,1945-05-01,2026-07-30
SPE00119981,SPE00119981.csv.gz,350031,d13fecee07c0ad252eedb08246a40140ea66530f7298126d64ff0fccaf93fe4c,2026-09-02 17:54:11+00:00,38302,1957-02-01,2026-08-26
SPE00119990,SPE00119990.csv.gz,387663,7f2da66c243d9b9e30500c2b454b0cb61f448b248df25485a146dc342f4095f2,2026-09-02 17:54:11+00:00,45486,1954-01-01,2025-08-24
SPE00119999,SPE00119999.csv.gz,291893,ba6521abf2af3f77241c6f663adeafbd9808e32cf039dc7efb890f3fc52556ac,2026-09-02 17:54:11+00:00,37844,1973-01-04,2026-07-30
SPE00120017,SPE00120017.csv.gz,210718,967196096c395e75b92ec724399cadb15c5ef2d769a6da7d8d73f3d228d8c5e1,2026-09-02 17:54:11+00:00,28397,1965-09-15,2026-08-26
SPE00120035,SPE00120035.csv.gz,348475,42c6782cae8196251421d8ca1d1e39dd8e4f1ee26644fffec18b32ef269ce45f,2026-09-02 17:54:11+00:00,40718,1970-11-01,2026-07-30
SPE00120062,SPE00120062.csv.gz,385276,d233f048b1d362d8d1a2535d9987fa392ba56c43419455777ce5789a32a3974d,2026-09-02 17:54:11+00:00,47806,1961-01-01,2026-07-30
SPE00120080,SPE00120080.csv.gz,337402,3b96b5c70253850fcb20fbaffca51bdf875a44507ccb908d36455c1d6e021f05,2026-09-02 17:54:11+00:00,38557,1973-01-01,2026-07-30
SPE00120089,SPE00120089.csv.gz,345816,ce9206b43fe2430e595d5fd88bc88b513d4dca99bc20adb4230cdd2f49f5db7e,2026-09-02 17:54:11+00:00,39426,1972-07-01,2026-07-30
SPE00120107,SPE00120107.csv.gz,204316,daa04ac8d9ea12777cc67b8f7647ef17f4af1008460d3eb55d8cd415af5d7307,2026-09-02 17:54:11+00:00,25759,1975-02-28,2026-08-26
SPE00120125,SPE00120125.csv.gz,315288,03a3cc18f642b4a50ffe82858e2dde1ada7341a21f8a37f9232922225f9e7aa7,2026-09-02 17:54:11+00:00,49486,1949-09-01,2026-07-30
SPE00120134,SPE00120134.csv.gz,279580,01ae302d636fe8a38cc548eee1a808020259e62ed359dc71dca77f3841cb201c,2026-09-02 17:54:11+00:00,29756,1973-01-02,2026-07-30
SPE00120143,SPE00120143.csv.gz,187414,a5804d2163c88125fc169b646466acc1fcea3eaef2116c4a9e93cbd15b8cf355,2026-09-02 17:54:11+00:00,30749,1984-06-01,2026-07-30
SPE00120152,SPE00120152.csv.gz,417064,c5f86348bf2ad56ad790a9a3829715bbcba7680c2be3aa43f74b42d7e250c2a1,2026-09-02 17:54:11+00:00,60945,1920-01-01,2026-08-26
SPE00120161,SPE00120161.csv.gz,363342,586c0b9d309c38923061a973d6ad929ff0ce9e11580dcc6b3d09f57e3b8f8e44,2026-09-02 17:54:11+00:00,59841,1943-03-01,2026-07-30
SPE00120170,SPE00120170.csv.gz,224890,1d4791f2743a2ee980428ab9ec63c089e8d17719a6513a00c8cd7c59b12cd3ec,2026-09-02 17:54:11+00:00,28667,1978-04-08,2026-08-26
SPE00120188,SPE00120188.csv.gz,445340,e822ac7a2a5fc75cf1b4ad30a43c5787293beb1ec2348a0a6c4af2024ba75bc2,2026-09-02 17:54:11+00:00,56767,1948-11-01,2026-07-30
SPE00120197,SPE00120197.csv.gz,337039,4e2c490d47a6297ab78ae48b87fe4a6387a61ace9cf6586847cec91a28c0ea38,2026-09-02 17:54:11+00:00,43002,1959-02-06,2026-07-30
SPE00120215,SPE00120215.csv.gz,270915,e00fdc9c774f87977194bdd24ee4668ec3da90ba646a9cb84b9a016177b2061c,2026-09-02 17:54:11+00:00,29727,1957-03-13,2025-08-23
SPE00120224,SPE00120224.csv.gz,500280,d4430b77900beadb72419768a45a4cbcd72d0f25510f0d47422c4192265a9a50,2026-09-02 17:54:11+00:00,64604,1938-01-01,2026-07-30
SPE00120233,SPE00120233.csv.gz,400437,74e1e50c7ab3265426c90ad6d7c5fd78b4c5f73e49372d4cbac748aa43ff24cc,2026-09-02 17:54:11+00:00,55212,1951-01-01,2026-08-26
SPE00120242,SPE00120242.csv.gz,300520,be352ec28ed4bd195adf6c161e06be979fdad65d42a90e8514aa9bb35f45ff4f,2026-09-02 17:54:11+00:00,36448,1973-01-01,2026-08-26
SPE00120260,SPE00120260.csv.gz,313761,5e5b8cf9883bb571e9a1c5a57a1fa506ad4fe1fcab98e534f9de378bef922523,2026-09-02 17:54:11+00:00,37069,1973-01-02,2026-08-26
SPE00120269,SPE00120269.csv.gz,252419,c1cf42933fec624711d51b516a19a99f84a18463c58bf3bba41ea7c306ef29ad,2026-09-02 17:54:11+00:00,31021,1978-01-01,2026-07-30
SPE00120278,SPE00120278.csv.gz,419047,6668ceb89c3855a0cd73bf7e7338d52ba68819f4bb120e702a33e50ad47540d0,2026-09-02 17:54:11+00:00,49115,1945-01-01,2026-07-30
SPE00120287,SPE00120287.csv.gz,455595,0080e89616a057f1aa568fa69019833303018e1e2617002884a9a985c8891f98,2026-09-02 17:54:11+00:00,59339,1945-05-01,2026-07-30
SPE00120296,SPE00120296.csv.gz,434727,93192bb7e2d6f65c8b95a4789aa029c0af76177f13836f077123b7ef86f526c5,2026-09-02 17:54:11+00:00,55206,1951-01-01,2026-07-30
SPE00120305,SPE00120305.csv.gz,288265,f558029ce147424ebbbf20899fcd0bcd66055198370912e0dd9088adaf45760e,2026-09-02 17:54:11+00:00,47684,1961-01-01,2026-07-30
SPE00120323,SPE00120323.csv.gz,261979,741e46f2ee6ffd781f7bb15d1b04554cb1a1aa0ee43cc1be4f66cf5f6e79ae53,2026-09-02 17:54:11+00:00,31630,1974-11-29,2026-08-26
SPE00120332,SPE00120332.csv.gz,474270,9672e639c8b6981468795218fd7b3a2dc880b9c992c35388dbfa546d978a1057,2026-09-02 17:54:11+00:00,62015,1940-01-01,2026-07-30
SPE00120341,SPE00120341.csv.gz,350271,f7b7e7b7afa3457df5b0d06e5a58103bf52ff24e1094c92b4cb5b38c0aeb4cf2,2026-09-02 17:54:11+00:00,58716,1945-11-01,2026-07-30
SPE00120350,SPE00120350.csv.gz,310429,530e48c6adadc4118e389c011a788c360c874dfc43cc5a9f5b6261b6113e339a,2026-09-02 17:54:11+00:00,51420,1953-09-01,2026-06-30
SPE00120359,SPE00120359.csv.gz,340425,0b52d907071b10cc01afdcc16b07edab43062262292c55151e1ca774b7ca15e4,2026-09-02 17:54:11+00:00,38274,1973-03-13,2026-07-30
SPE00120368,SPE00120368.csv.gz,301999,f22900973f84ec2ba84527b578e3e6cce2968a3b0645c11baa8a3773ce6f0ac0,2026-09-02 17:54:11+00:00,38931,1972-08-01,2026-08-26
SPE00120395,SPE00120395.csv.gz,276594,6a71a135b26333ade7905929366ff06f1b481d74831122e971437ac0fa6708af,2026-09-02 17:54:11+00:00,31853,1975-01-12,2026-08-26
SPE00120413,SPE00120413.csv.gz,405558,c7284c720953e17de5d9828fadab5ee2f64c600f709bd90720ec91005b187b77,2026-09-02 17:54:11+00:00,47806,1960-01-01,2026-07-30
SPE00120422,SPE00120422.csv.gz,229932,c3c8c70c678f21593858e624b5e1f955ad7dd375e558e7964c5db4d3e874b6ea,2026-09-02 17:54:11+00:00,36628,1970-01-01,2026-06-09
SPE00120431,SPE00120431.csv.gz,300086,bf98fd17a64b71231f15183e5777374e5e4452660790c61581e1d136372ac099,2026-09-02 17:54:11+00:00,38420,1973-12-01,2026-07-30
SPE00120449,SPE00120449.csv.gz,330884,a0c3131a04d642f719e1de6c7f2d53a82884d00094876fcba851711a6d48af3c,2026-09-02 17:54:11+00:00,42228,1961-01-11,2026-07-30
SPE00120458,SPE00120458.csv.gz,488570,9e1dd6fec808705cc9918a416d4ee85e2acd042c1685f84bdaf1428ed20a650d,2026-09-02 17:54:11+00:00,69797,1931-01-01,2026-07-30
SPE00120467,SPE00120467.csv.gz,468755,7584ffcede42b6596dde721ce47a572de4f9e0605540f1856b5af948d3783737,2026-09-02 17:54:11+00:00,61463,1941-08-01,2026-07-30
SPE00120476,SPE00120476.csv.gz,270992,97e4f1b71a09b7e7fc7a57c3d5d259f6fd61561a24de19f3c22031e7877e4b77,2026-09-02 17:54:11+00:00,33476,1980-07-01,2026-07-30
SPE00120485,SPE00120485.csv.gz,294538,3f304640566960ac5d64035bca236516e1ec395658c0b9fd7a5ccce8cf6fab0f,2026-09-02 17:54:11+00:00,35192,1973-01-01,2026-08-26
SPE00120503,SPE00120503.csv.gz,321861,0f725908cba1fb8185a6c8006788ca9fc0415c4f59034c8095e5c5f2b6c918c2,2026-09-02 17:54:11+00:00,51419,1955-12-01,2026-07-30
SPE00120512,SPE00120512.csv.gz,440005,a2879450f16cfdf9aff71d9358ba06da64a6179e6af09a0563889cfa9dd1f631,2026-09-02 17:54:11+00:00,55023,1951-01-01,2026-07-30
SPE00120521,SPE00120521.csv.gz,443539,c0ca5fd39d1fa0efd49f7f820530a0dd1791767040ae50a260a6a09b2fae443c,2026-09-02 17:54:11+00:00,60304,1943-11-01,2026-07-30
SPE00120530,SPE00120530.csv.gz,434201,39b4510004b2175be2e103b1d15eac7da16f51fefba5ecdf4d7db584e23a5f09,2026-09-02 17:54:11+00:00,53328,1952-11-01,2026-07-30
SPE00120557,SPE00120557.csv.gz,251307,aefbd6fc52dd47d100882dda26ed1baa50a860dbc3f5e7bf85d03a52500450b3,2026-09-02 17:54:11+00:00,30845,1977-07-07,2026-08-26
SPE00120566,SPE00120566.csv.gz,299003,dc27b82fb9edb8273eb3c7f686cbce2dbb3031ce4d5eb44b6c33826069a076d5,2026-09-02 17:54:11+00:00,36246,1973-01-01,2026-07-30
SPE00120584,SPE00120584.csv.gz,272064,f4ab3bbbcbc1ab8c5a9811fa24a29d6177b533f3796a33019d5d453d1c263deb,2026-09-02 17:54:11+00:00,44174,1966-01-03,2026-07-30
SPE00120593,SPE00120593.csv.gz,345723,4cba351117f0592096b18a64dc9673ad74e8ab81df8dac9108b2f2bcd7d13926,2026-09-02 17:54:11+00:00,39137,1973-01-01,2026-08-26
SPE00120602,SPE00120602.csv.gz,498861,183e5160f645f06939f46132dd49e7d7093390a4a1f8dead1d83e9dd14b4c120,2026-09-02 17:54:11+00:00,64435,1938-03-15,2026-07-30
SPE00120611,SPE00120611.csv.gz,467091,1aadf44d2df5b83fe5440390fc8086a0566ed04bb32b381c63b1c266e67f101a,2026-09-02 17:54:11+00:00,57701,1947-03-17,2026-07-30
SPE00120620,SPE00120620.csv.gz,503265,1eebcb2edbeccfb182509664b706e6f9819d74349850157855cc0dd46cffc582,2026-09-02 17:54:11+00:00,68735,1931-01-01,2026-08-26
SPE00120629,SPE00120629.csv.gz,485517,33fc2075c0d086c17d00a79ae032c4a44573dcb23404ce214e156f27bed3e75c,2026-09-02 17:54:11+00:00,77528,1920-01-01,2026-07-30
SPM00008284,SPM00008284.csv.gz,263586,3320d704e356c401698dc4fb529a312cd3a22fe511bb2af56c6899408d9ac66a,2026-09-02 17:54:11+00:00,25225,1973-01-01,2025-08-24
SPM00008359,SPM00008359.csv.gz,56857,3bdf5b022586ff418eceb1decb6b356dfde5a3fa4dd3eed12d34b6882fce03cc,2026-09-02 17:54:11+00:00,5674,1976-12-29,2026-08-26
SPM00008360,SPM00008360.csv.gz,253010,f45da073cb1aaea3179e586ee0414b1d27a92aa44f89cec66203929dfa698bc6,2026-09-02 17:54:11+00:00,23574,1973-01-01,2025-08-24
SPM00008420,SPM00008420.csv.gz,5521,0f3de4e24cdb13c8066780dab7a0d3246a1a10e5892f10f9635609ec5da912fc,2026-09-02 17:54:11+00:00,368,1973-01-05,2025-02-16
SPW00013024,SPW00013024.csv.gz,316504,51514338413a9708c5b77f01d0b3fdfe0ac294f5bde3979ff7aaf3c868236f3e,2026-09-02 17:54:11+00:00,26605,1958-03-03,2025-08-24
SPW00013025,SPW00013025.csv.gz,597245,647f5e31f27a34da0ba95f0e56eaae278cf6ea2fc751aa3b957be30960c7dda4,2026-09-02 17:54:11+00:00,33050,1958-10-01,2026-08-26
SPW00014010,SPW00014010.csv.gz,342977,03df46dbcf0777ef424d5f77419736eddc32f4a91973e9ffc7780c673cefc2bc,2026-09-02 17:54:11+00:00,26510,1957-07-03,2025-08-21
SW000002361,SW000002361.csv.gz,773307,268c2e661c5b25aaa5e6d43f2992938d5890dec83561cd6aaea899341034c8be,2026-09-02 17:54:11+00:00,105456,1882-01-01,2026-07-31
SW000002550,SW000002550.csv.gz,415480,670ea89244967b5c19fcfadf512063f24d94e01b698e0e0e0bb394a109b4b19b,2026-09-02 17:54:11+00:00,52036,1951-01-01,2026-07-31
SW000002590,SW000002590.csv.gz,848596,9284930a50ca982e55ecdc09b23a96df54a6581ac4e6134e2b7a1e68a02aae48,2026-09-02 17:54:11+00:00,105230,1882-01-01,2026-07-31
SW000008525,SW000008525.csv.gz,885490,1cca2e06e792310680536b7633ef47f14c2237120b364bdf035af9279945772f,2026-09-02 17:54:11+00:00,105342,1882-01-01,2026-07-31
SW000010537,SW000010537.csv.gz,733420,7229e3856bc3cc83e398bb49844ff8541eb07c8fd42c01f70d26173e7f572cdc,2026-09-02 17:54:11+00:00,91331,1900-01-01,2026-07-31
SW000024180,SW000024180.csv.gz,510499,18f25d48eede0ecf2b57aaa112655d00dd7a7e10f42184bd98e3f212acebc0a9,2026-09-02 17:54:11+00:00,78636,1893-10-24,2024-10-08
SWE00100026,SWE00100026.csv.gz,739418,ea3850cfea389314d5f51cf811324b17b234ab7f35381435972059bad84b2c30,2026-09-02 17:54:11+00:00,92522,1882-01-01,2024-10-08
SWE00115961,SWE00115961.csv.gz,445515,f9476635d9e5b03a4bc81ff190f3a2adb1a98b15bc0a0f75bb67cd4725b36c00,2026-09-02 17:54:11+00:00,51280,1955-12-01,2026-07-31
SWE00135352,SWE00135352.csv.gz,213770,d2bf62af95c174303535463368dfc13a0ae4cc33c4a99843cbf7e4ab2debf64d,2026-09-02 17:54:11+00:00,48150,1944-01-01,2026-07-31
SWE00136141,SWE00136141.csv.gz,328106,278a226c7a0cae2dec21b270a34e991aa26399a918e36f350c41bf7c59c870c2,2026-09-02 17:54:11+00:00,61421,1942-06-01,2026-07-31
SWE00136612,SWE00136612.csv.gz,127905,f381a53172472935f9049e7a9716a846a27e02ec0c5c2b2a9e9f098da99902c3,2026-09-02 17:54:11+00:00,28448,1985-05-01,2026-07-31
SWE00136744,SWE00136744.csv.gz,125360,8af40cd6e597257818adb499d0cd1d334b42c9f32703b7536fad587d8b42949d,2026-09-02 17:54:11+00:00,27835,1986-10-08,2026-07-31
SWE00137494,SWE00137494.csv.gz,532884,60d24473ae91918de5425b674dd47f88e182dc83db134eebb6ba11d609961c9e,2026-09-02 17:54:11+00:00,62654,1928-10-01,2026-07-31
SWE00137512,SWE00137512.csv.gz,379176,c3da5472245ac39ac9aa6e77434f59e3a34ce37ec6bacb8122bfa769874c9202,2026-09-02 17:54:11+00:00,55778,1945-01-01,2021-05-31
SWE00137522,SWE00137522.csv.gz,200346,66a304f80a6fcc098308cb40022e93967d2eca1f9a0d55de19a3cc0153fd7606,2026-09-02 17:54:11+00:00,31376,1972-12-01,2026-07-31
SWE00137534,SWE00137534.csv.gz,165194,1bdcd707b205b3d0e964f43b75a0c581359d16a59b6b0058d86bc776a16525a6,2026-09-02 17:54:11+00:00,26580,1990-01-01,2026-07-31
SWE00137612,SWE00137612.csv.gz,197606,35339d78a29109b995b64cd677f001084036af4687665778fd8d1d8aec94c3e5,2026-09-02 17:54:11+00:00,35871,1952-06-14,2026-07-31
SWE00137620,SWE00137620.csv.gz,626281,6626c12bd65c74087c653c579ac7d319a2ba68b8d38a88456ae33e86e4c1daad,2026-09-02 17:54:11+00:00,94076,1882-01-01,2026-07-29
SWE00137628,SWE00137628.csv.gz,465556,0c0668b3726f7863b811f0d015caca5627f479596f73370a22bd6bf6d751c3a3,2026-09-02 17:54:11+00:00,54155,1948-06-03,2026-07-31
SWE00137686,SWE00137686.csv.gz,700451,8899f31a9875e48a877515d43af064c8220da72105666d788f1520799105960e,2026-09-02 17:54:11+00:00,105306,1882-01-01,2026-07-31
SWE00137692,SWE00137692.csv.gz,454994,12412f657541449bd3ea7382337ead4ed1be438fa733746d62c3c5c62e764c94,2026-09-02 17:54:11+00:00,53930,1952-07-01,2026-07-31
SWE00137724,SWE00137724.csv.gz,420589,98e171c46dfafec15ce6a41f2fff4f0ab9b81b183810385f3b716d1d88e9ac1e,2026-09-02 17:54:11+00:00,55592,1948-05-28,2026-07-31
SWE00137732,SWE00137732.csv.gz,377849,4442cdb55bf33e12cc0f164ed905da530e8a325fbf2d2443852b03b5621a7e1b,2026-09-02 17:54:11+00:00,54697,1945-12-01,2026-07-31
SWE00137750,SWE00137750.csv.gz,409459,700d7035e1aafcd9fab0d1ce737751f6909c8c5d3182cfd802ccd404bb85afde,2026-09-02 17:54:11+00:00,52269,1953-03-01,2026-07-31
SWE00137774,SWE00137774.csv.gz,223179,eb5893e42de6ce6387a71e473703a68ae7abb89c5b940f510e99bd468f1a27fd,2026-09-02 17:54:11+00:00,33889,1945-01-01,2026-07-31
SWE00137782,SWE00137782.csv.gz,234965,aa80eae4f826473ea963105748127ea230c8260f02a6d7a176cb1c811a9afc30,2026-09-02 17:54:11+00:00,29760,1972-06-01,2022-12-31
SWE00137800,SWE00137800.csv.gz,175214,fab310efbf6311f197b446754fe0070826c94612b2073a78891a843183ae568c,2026-09-02 17:54:11+00:00,24689,1945-01-01,2021-08-15
SWE00137844,SWE00137844.csv.gz,198080,935bc8a2213642b54d526c67e21a6ad5215189ba2a459688e358df5ebe4674e6,2026-09-02 17:54:11+00:00,28687,1945-04-18,2026-07-31
SWE00137910,SWE00137910.csv.gz,592680,8d120ddb42cb0bd612e0cf48ac2800db1aad93607850e3842c8be0162702403c,2026-09-02 17:54:11+00:00,74030,1924-06-01,2026-07-31
SWE00137974,SWE00137974.csv.gz,485506,a9a05ae39770556870157b05fa955568bbace619c44dd382a1ec6d638172fa58,2026-09-02 17:54:11+00:00,57693,1940-01-16,2026-06-30
SWE00137984,SWE00137984.csv.gz,268322,9fe2d00d39f783a325c65a7556dc91c0be0fcd27bfe0f66bc954c82ff882c609,2026-09-02 17:54:11+00:00,39920,1969-07-01,2024-02-29
SWE00138020,SWE00138020.csv.gz,413121,4bd1902da33fc53bed3f093d3034962fb2db2c8ff49720b46c14ff9f06d716dc,2026-09-02 17:54:11+00:00,61720,1941-01-01,2026-06-30
SWE00138028,SWE00138028.csv.gz,418725,2e17eea596d910fc8c6b3f4350126b691da3af63dfdc28c40445c21e7bf0a47d,2026-09-02 17:54:11+00:00,61943,1941-01-01,2026-07-31
SWE00138034,SWE00138034.csv.gz,394928,09990811cf3d353b27afed7e80e4a608d439faeb3b8c254a480c1c08d995e3ab,2026-09-02 17:54:11+00:00,57160,1945-01-01,2026-07-31
SWE00138058,SWE00138058.csv.gz,557478,50be40bbc28a4e45fdb5022ca256557a5f7d54b04e003b2462a4146caa93a981,2026-09-02 17:54:11+00:00,74346,1924-03-22,2026-07-31
SWE00138102,SWE00138102.csv.gz,140875,25a51172824ba3110c5c4eacb0dd628e8d3d953f0db919abfa323f425ef3a3bf,2026-09-02 17:54:11+00:00,26191,1961-01-01,2026-07-31
SWE00138166,SWE00138166.csv.gz,418995,5370d5b0c9bf01b10ab8359fbde636d73830a62560d7ba74f17610ca0c12d6ef,2026-09-02 17:54:11+00:00,51109,1927-04-04,2026-07-31
SWE00138184,SWE00138184.csv.gz,164532,7927816516f28f7a7917064890148deebf7f872e8ddb33174f6893d8516d4f7e,2026-09-02 17:54:11+00:00,26794,1977-10-01,2026-07-31
SWE00138198,SWE00138198.csv.gz,258324,72229545ed957588aae1c2041733029c8c10fe96be1e70b4abd756056e7b95fb,2026-09-02 17:54:11+00:00,42035,1961-01-01,2026-07-31
SWE00138216,SWE00138216.csv.gz,427366,d0cc89c5d622b89a6a01366e0545eb96b884d80c7d92fabaa0b025d31eb8fe00,2026-09-02 17:54:11+00:00,62482,1941-01-01,2026-07-31
SWE00138226,SWE00138226.csv.gz,706512,bb4d7b875cf25432c21a15a4cfee6e2273b1f93456cd15ffd9013b79a6fc08fc,2026-09-02 17:54:11+00:00,103824,1884-01-01,2026-07-31
SWE00138228,SWE00138228.csv.gz,661144,8c9d2dbd704be6302452bb549633d794d6cb14758b9167d9d9089d0e63e48b08,2026-09-02 17:54:11+00:00,96233,1892-01-01,2026-07-31
SWE00138258,SWE00138258.csv.gz,406583,e0b7b26be31434c2f69980c93aa1b43315b140b68cc88e5380bccf66e29a0e06,2026-09-02 17:54:11+00:00,62149,1941-01-01,2026-07-31
SWE00138338,SWE00138338.csv.gz,388740,16578735311c1e66524f757cfec793761a3d16b53149b4677f6a618f778dfeca,2026-09-02 17:54:11+00:00,54788,1951-01-01,2026-07-31
SWE00138386,SWE00138386.csv.gz,336812,6da59b4424e8d82ed42c52371bd1ff1c49c846b6313eaa5565e48a187cf3ec98,2026-09-02 17:54:11+00:00,46568,1962-10-01,2026-06-30
SWE00138464,SWE00138464.csv.gz,730021,85f0f13002d7e93580e9910c11a579950ef19838929ca841bb6472a5e654ff57,2026-09-02 17:54:11+00:00,104850,1882-01-01,2026-06-30
SWE00138486,SWE00138486.csv.gz,445522,a6009b55eec04ecd86d76769266b5f670cc8adc743d7612bd48394bc04711bd6,2026-09-02 17:54:11+00:00,59591,1945-01-01,2026-07-31
SWE00138508,SWE00138508.csv.gz,412149,8485b8851f99413ed226e1108c4f585b522d7cf11d02123f97936106651d03c1,2026-09-02 17:54:11+00:00,54486,1951-01-01,2026-07-31
SWE00138526,SWE00138526.csv.gz,241197,fa5666e983164115aa402078dbee9966fd8691456472a89b001d104404e3fd62,2026-09-02 17:54:11+00:00,25862,1945-01-01,2026-07-31
SWE00138530,SWE00138530.csv.gz,409512,cee711ef4a74f1d404703d4f55484c6173ef912281c9b68fe40e7ece820b1384,2026-09-02 17:54:11+00:00,57252,1945-01-01,2026-07-31
SWE00138594,SWE00138594.csv.gz,359719,0a8ec7f6a7ad0176949a61b8412948d1f86ceb9b5c42274ed45a738086b78685,2026-09-02 17:54:11+00:00,54373,1951-09-01,2026-07-31
SWE00138606,SWE00138606.csv.gz,329166,51362d3379a323d87b61470a9e3e443b76c59fdc0491d680f2d8d7f24e87e15b,2026-09-02 17:54:11+00:00,49655,1958-08-01,2026-07-31
SWE00138618,SWE00138618.csv.gz,551882,a8efd17480fade126f994c15c65ebc44e7e953cac691c3fc30f9107102543ddb,2026-09-02 17:54:11+00:00,73506,1924-04-01,2026-07-31
SWE00138638,SWE00138638.csv.gz,222865,884b3fb0e3bbb526b41cb874fb92e1a3903d2cf460909a02e664ce2675338e69,2026-09-02 17:54:11+00:00,28709,1983-09-01,2023-12-23
SWE00138674,SWE00138674.csv.gz,296179,20b6ae32999524aa12e75933edd10e9815f5a06fd368774491c1e426c72d4c70,2026-09-02 17:54:11+00:00,42919,1967-09-01,2026-07-31
SWE00138742,SWE00138742.csv.gz,151663,93ec074cca80a3db3a2a09e0415583dfb3fac905aea5faefc686bedeea5aeca6,2026-09-02 17:54:11+00:00,23208,1962-05-01,2026-07-31
SWE00138746,SWE00138746.csv.gz,348980,103fad67f8bd9055dc08ee33d82c93464df16f67f9655c6585ee0b748df77cf9,2026-09-02 17:54:11+00:00,48043,1953-04-13,2026-07-31
SWE00138756,SWE00138756.csv.gz,369027,a1f64b6c27d363ea738463ccb27f8d2822a20aaa3273a64fdd8522f0f3a209d5,2026-09-02 17:54:11+00:00,47843,1961-01-01,2026-07-31
SWE00138778,SWE00138778.csv.gz,377381,7c56fbe00f5395989954cf31449b09672ce1f17f4ef356df7ff636e1a963b1e9,2026-09-02 17:54:11+00:00,53800,1951-10-01,2026-07-31
SWE00138796,SWE00138796.csv.gz,304799,4a259dcbe8b97ab4845d0b0f62226a37e2d7d313b1036113b413690d39dbbd35,2026-09-02 17:54:11+00:00,46132,1951-01-01,2026-07-31
SWE00138798,SWE00138798.csv.gz,387381,2f98ca34c69b4964f1879b7bf42708814237091966c175211e90529601f002dc,2026-09-02 17:54:11+00:00,57325,1945-01-01,2026-07-31
SWE00138860,SWE00138860.csv.gz,178535,9a411478406d36889ab519900176c6b347569dd497ae31bf5636ddc83f655a3b,2026-09-02 17:54:11+00:00,32756,1976-09-01,2026-07-31
SWE00138864,SWE00138864.csv.gz,423749,ff5977e2e765807d5a084daf485375933f775ee47b87f8de6bc2c7881000f77e,2026-09-02 17:54:11+00:00,61982,1941-07-01,2026-07-31
SWE00138894,SWE00138894.csv.gz,363819,0059005eedc933f3742fa7f5cec63a6183f56280a099af6d7eaf6a91e87e0980,2026-09-02 17:54:11+00:00,55192,1951-01-01,2026-07-31
SWE00138914,SWE00138914.csv.gz,129333,aea6b43fa4fbd4d42696fa14e256641c4466eac8f625330d2f4bfd906e578cb1,2026-09-02 17:54:11+00:00,22432,1990-11-01,2026-07-31
SWE00139028,SWE00139028.csv.gz,753745,cbc57c0daa9d25735fb4404425c60a5ee35a07d3364e4a3ab50d21ae11525065,2026-09-02 17:54:11+00:00,103492,1882-01-01,2026-07-31
SWE00139112,SWE00139112.csv.gz,321732,d625bc6a1f819f47f0bb467870fd6e0be7271a1269d9164bcdaacc0836074800,2026-09-02 17:54:11+00:00,53996,1952-06-01,2026-07-31
SWE00139148,SWE00139148.csv.gz,774668,2f7dae70cddabc4c80420fe223905741d4bcca46931099279f085a3aa4f81b1c,2026-09-02 17:54:11+00:00,88590,1840-01-01,2026-07-31
SWE00139156,SWE00139156.csv.gz,167287,93ab653f8eee01dda54280094a8e67f1c016eacae81e0ffe5cff5610377e96b7,2026-09-02 17:54:11+00:00,25477,1961-01-01,2026-07-30
SWE00139172,SWE00139172.csv.gz,401976,45a94d385d4cdc90bbbd50abd5fdb493b71c63ddac761511a7b11762dbc10225,2026-09-02 17:54:11+00:00,55368,1944-07-01,2026-07-31
SWE00139178,SWE00139178.csv.gz,315870,40631b965fa77a572a10be32f21882a2e3c696499cd4575731e7b728477d68ba,2026-09-02 17:54:11+00:00,39861,1970-10-25,2026-06-30
SWE00139186,SWE00139186.csv.gz,331936,997d9f13627d00ad31ca6b6b7e802affac4d8c0817fa0393c0bfea66125e745a,2026-09-02 17:54:11+00:00,42440,1967-02-01,2025-11-13
SWE00139250,SWE00139250.csv.gz,198751,6af57dec13b8de1d2b5e1c5aa79fbb3036d38b344685190406b9b587a6f56508,2026-09-02 17:54:11+00:00,25992,1991-01-01,2026-07-31
SWE00139268,SWE00139268.csv.gz,250442,335c9bddaec3d84753328def7de220dbaeb0e27b04b8728f07db1997b071db52,2026-09-02 17:54:11+00:00,34511,1941-01-01,2023-07-31
SWE00139272,SWE00139272.csv.gz,273059,8b97941a54dcfe457f0e97190ed2bfce5b80f1283f6e9121f0fab2b65c2cb487,2026-09-02 17:54:11+00:00,36218,1977-01-01,2026-07-31
SWE00139276,SWE00139276.csv.gz,424329,2bd674e0ec86371b506419a49cd993a9587e7019aecdcc7f3bf978be05f3a8b5,2026-09-02 17:54:11+00:00,55115,1951-01-01,2026-07-31
SWE00139348,SWE00139348.csv.gz,203344,9e27d01df2befc683356b80afccc03420fb4ca6c29806237ffde6269c17349a6,2026-09-02 17:54:11+00:00,27386,1964-11-01,2026-07-31
SWE00139362,SWE00139362.csv.gz,193201,363dc5a89b001b63808fcf741f21f58795b8b1a44711c1d42a0baf2c56bb91c0,2026-09-02 17:54:11+00:00,31630,1961-01-01,2026-07-31
SWE00139396,SWE00139396.csv.gz,466360,7c8364908a86710161478eec809b854feb53dba70a20ae8cf0b6d812a751cc94,2026-09-02 17:54:11+00:00,53984,1952-07-04,2026-07-31
SWE00139458,SWE00139458.csv.gz,349635,049c70a99939e8898abd96918cf986149722d076e91add2685ad7912346a074b,2026-09-02 17:54:11+00:00,44578,1963-08-01,2025-11-10
SWE00139462,SWE00139462.csv.gz,229422,eaff9ac32389b4a2d06a952521d7a937b03e41b28330ab3337c2184e55008d23,2026-09-02 17:54:11+00:00,40040,1952-07-18,2026-07-31
SWE00139498,SWE00139498.csv.gz,378406,cd7292be637d215affc7c1624ddc744a5a489fd85aa80cf7d90151a4cdd7ae1b,2026-09-02 17:54:11+00:00,48092,1960-08-10,2026-06-13
SWE00139520,SWE00139520.csv.gz,353080,27ce4b564303be998fdbdea53f1a537754b9039f9c9412b509ad7659e69ee385,2026-09-02 17:54:11+00:00,54082,1951-01-01,2026-07-31
SWE00139660,SWE00139660.csv.gz,268297,0ecbbfe80bba232d00416ebc94739eb0b4e66ec7cea50857897a986994d2dd60,2026-09-02 17:54:11+00:00,37752,1973-03-01,2026-07-31
SWE00139674,SWE00139674.csv.gz,317042,b139861531a40ec3396775d4aaf38cb00f08b5f6188c637bbd6b533c22ba1b7b,2026-09-02 17:54:11+00:00,42504,1951-02-01,2023-01-11
SWE00139676,SWE00139676.csv.gz,392789,ad59925b5d11db2cc9193f34bb02dd516118147d9e8b8e92b5f99df3f502b254,2026-09-02 17:54:11+00:00,54014,1952-03-05,2026-07-31
SWE00139764,SWE00139764.csv.gz,359273,26e09c9369bbaae14a08fd8c7df6ae1d550900b9be52afd2b25e992791cef993,2026-09-02 17:54:11+00:00,47894,1957-03-01,2026-07-31
SWE00139774,SWE00139774.csv.gz,290694,f015f899b1874a714701bc98ff00f50be48fb2df415e59289b94722102ed29db,2026-09-02 17:54:11+00:00,47848,1945-01-01,2026-07-31
SWE00139842,SWE00139842.csv.gz,499783,98d946ef3d81ae83df02124e9d696c46e1b05291fa1c888174de439edc7c20a7,2026-09-02 17:54:11+00:00,70100,1930-01-01,2026-07-31
SWE00139868,SWE00139868.csv.gz,158814,ab1f00d9dbd5c28b31cb685387600838858d28065d36f23a1c4df1170960d265,2026-09-02 17:54:11+00:00,25224,1991-11-01,2026-07-31
SWE00139950,SWE00139950.csv.gz,339584,f36ebf28c1a4912f920f1920f9b6a3a93e9ee285640d663f0f908d7f3da8ff0a,2026-09-02 17:54:11+00:00,46930,1962-02-01,2026-05-31
SWE00139962,SWE00139962.csv.gz,529334,35d05a0d87df9f65a055124e7c36b3dbc997e46077179c6840b803ff54f6ce7a,2026-09-02 17:54:11+00:00,69027,1901-07-01,2024-06-30
SWE00139968,SWE00139968.csv.gz,321597,647f8d2551b5001aca0e24957e9caaf426f61a730ef92d839cf5ff238eb9678d,2026-09-02 17:54:11+00:00,44448,1965-04-01,2026-07-31
SWE00139970,SWE00139970.csv.gz,208027,5f9d830ec344a8f8cc4d582682f75274c93f88e34615b6995243feccb60addb3,2026-09-02 17:54:11+00:00,26826,1956-08-01,2026-07-31
SWE00140028,SWE00140028.csv.gz,319109,18eb6e0f0ed5406b0703c85140858ec5c7e65d7d9821071e730e3c430c1866f0,2026-09-02 17:54:11+00:00,40051,1971-07-01,2026-06-07
SWE00140062,SWE00140062.csv.gz,172454,63f0f0046f9f9280779dc94a93a0eed9181db76f52abec2849bf58b858bc7244,2026-09-02 17:54:11+00:00,28668,1962-03-01,2026-07-31
SWE00140174,SWE00140174.csv.gz,283096,64811fbcdddbafea5e02939a707d3f49d6fded4ea85cd8b4a3b06ad92c0cc258,2026-09-02 17:54:11+00:00,44926,1965-01-01,2026-07-31
SWE00140228,SWE00140228.csv.gz,250542,5a9297fb739573f6377dd0b65630a792ea7e59703d5e3d9fc46efeee1691b2ce,2026-09-02 17:54:11+00:00,33424,1980-07-01,2026-06-30
SWE00140230,SWE00140230.csv.gz,287789,3173875189097ee6bfb9666b3383fc4771b4012efa5565c89020a8ffd82de3ef,2026-09-02 17:54:11+00:00,42403,1964-12-01,2026-06-30
SWE00140260,SWE00140260.csv.gz,214059,ee56791022c25bf74a3d0be4965753b1b24c20c1503d41cf1a3eefb39b97583d,2026-09-02 17:54:11+00:00,26472,1989-03-01,2025-09-30
SWE00140262,SWE00140262.csv.gz,430143,768ca8a0847adcbfce915156dd6ab5c42accffb75025d0a524f36c048c470a2c,2026-09-02 17:54:11+00:00,54740,1951-01-01,2026-06-30
SWE00140352,SWE00140352.csv.gz,314079,51de60605c391a42ace825b1abe287c8cf755b578bd6e692847c5f405e20cab4,2026-09-02 17:54:11+00:00,47640,1961-01-01,2026-07-31
SWE00140366,SWE00140366.csv.gz,175955,3e4789d6020a83150c8882ba6edae3c1aa85143b8295d062b9a458c6f183187d,2026-09-02 17:54:11+00:00,29326,1970-05-01,2026-07-31
SWE00140390,SWE00140390.csv.gz,307483,4af283e66a00eb3b9b15948ec1e4806ad64530ff2825091958ad6dc2342a2f7c,2026-09-02 17:54:11+00:00,42026,1967-09-01,2026-06-30
SWE00140474,SWE00140474.csv.gz,388440,daac91eed6d18d180ce4a26b5741bf403073baa6efca3e4758f74580c7f4d250,2026-09-02 17:54:11+00:00,49252,1945-01-01,2026-07-31
SWE00140492,SWE00140492.csv.gz,774717,7ec5c94d82bb1773d0eb7ccf578e97ddaf8cf03f7bacaee1af7967a8695c6fa3,2026-09-02 17:54:11+00:00,104845,1882-05-01,2026-07-31
SWE00140494,SWE00140494.csv.gz,318869,38ccee9f0e153531f38abb7ac09c1faf0aaefbe73ee61a81a8840cd34f1ad566,2026-09-02 17:54:11+00:00,41074,1967-12-01,2026-07-31
SWE00140502,SWE00140502.csv.gz,217685,f4a916739e11c7fe2aede9e11058713b98b3018de4ffb14ae6a429565038db9a,2026-09-02 17:54:11+00:00,33766,1961-01-01,2026-07-31
SWE00140550,SWE00140550.csv.gz,279555,e5bd235b2c9aaa02f7ef6187c9454d9d27b5cc18b2296b0faf36ce0e5fd13fa1,2026-09-02 17:54:11+00:00,38754,1949-06-01,2022-06-12
SWE00140554,SWE00140554.csv.gz,426370,3d8e588b2b7db73e826018f6815efd82a694a7a208d99ab31c4ca1d226781cad,2026-09-02 17:54:11+00:00,54492,1951-01-01,2026-07-31
SWE00140560,SWE00140560.csv.gz,388650,d2e85d836bb65ed56ef96fae0b7e5d206aad052f5906563bdbecbd0091ab6e68,2026-09-02 17:54:11+00:00,56099,1930-01-01,2023-08-31
SWE00140562,SWE00140562.csv.gz,170636,0094c154bfb47c5bcf18661cd484c57dc0e48a5648b576182b49564459121d4a,2026-09-02 17:54:11+00:00,26070,1945-01-01,2026-07-31
SWE00140580,SWE00140580.csv.gz,274952,bf5c71f051c389e1d28c5644abd0237b82da1a7e3171a5fbfef59ac0846fb4ba,2026-09-02 17:54:11+00:00,39277,1966-05-01,2026-07-31
SWE00140618,SWE00140618.csv.gz,225004,12c9c837f199ed162fe6f68ec4afed83235c99417bcdae38ae83e143fc0e5f8d,2026-09-02 17:54:11+00:00,30042,1945-01-01,2026-07-31
SWE00140634,SWE00140634.csv.gz,342425,d6c5edb395cef48e5ee6a728e8e6b242bc49bbd457edb2f6eaa9f50e60500636,2026-09-02 17:54:11+00:00,42935,1965-03-01,2026-06-30
SWE00140664,SWE00140664.csv.gz,201103,ee64eb134a01369550eef89b582b54519e21b8dbe5f372f9ef3366f0f2dbbb69,2026-09-02 17:54:11+00:00,24466,1991-07-01,2026-07-31
SWE00140670,SWE00140670.csv.gz,441540,0ca7f3c7d10d4bcd498d5d9847b203c558f2f61eecab6a7efdce5eacfcc1bf89,2026-09-02 17:54:11+00:00,58220,1945-11-01,2026-07-31
SWE00140712,SWE00140712.csv.gz,373484,10ac3a1154309895c58f223d1379f7f1c484b0db546d8fc8b2d628421c3973c8,2026-09-02 17:54:11+00:00,47573,1955-01-01,2026-07-31
SWE00140714,SWE00140714.csv.gz,476692,596a3bda64bca5817c66034b9ea6ed20718f850488a52ac403bf47ccda0b0457,2026-09-02 17:54:11+00:00,61564,1938-09-05,2026-07-31
SWE00140760,SWE00140760.csv.gz,199390,a36be80beb31d615796c175853a54fbf39600defc454856acc455a7f05046ebc,2026-09-02 17:54:11+00:00,27979,1945-01-01,2026-07-31
SWE00140772,SWE00140772.csv.gz,228274,9ed71f74a6fb067701ba55a215ac921d6d5b68b066f335e2db84ca9ea1855041,2026-09-02 17:54:11+00:00,34833,1945-01-01,2026-07-31
SWE00140828,SWE00140828.csv.gz,466219,17bc4cd1348feaceeb3c7797d1bd6efab67cda2362a74773592592807eac35fe,2026-09-02 17:54:11+00:00,72171,1888-11-01,2026-07-31
SWE00140836,SWE00140836.csv.gz,378709,f3bbdd40bc1aa02a896c45ee430ba32adc5497d576db1e0c08532ec9ed1b3f3b,2026-09-02 17:54:11+00:00,47081,1944-05-25,2022-01-31
SWE00140886,SWE00140886.csv.gz,388660,24d1444530d2f1204f1e9f5f5c1a0ff27a45b9b8ee2194859d6f4e6eb59c4d4d,2026-09-02 17:54:11+00:00,53418,1945-01-01,2026-07-26
SWE00140888,SWE00140888.csv.gz,240968,6c1d5988bf325443815667e6461ba09a3d74d8a584060703a83ae89e2b7e82bc,2026-09-02 17:54:11+00:00,33116,1981-03-01,2026-07-31
SWE00140898,SWE00140898.csv.gz,367757,6df7d42b385b9b65c38f53ce52fe23a8270d6f45053fbdfaf08ba8334ca13c87,2026-09-02 17:54:11+00:00,47351,1941-01-01,2024-12-31
SWE00140904,SWE00140904.csv.gz,317200,9310233cc137b4f6615f885a0bf473015727c5be98432046799753cb34da634f,2026-09-02 17:54:11+00:00,48847,1957-07-01,2026-07-31
SWE00140910,SWE00140910.csv.gz,171926,9434e94ee9ee5cd8ddd6b72e7dcbcca1e1e020fbd8f4147807ce136af43104d8,2026-09-02 17:54:11+00:00,27106,1988-12-13,2026-07-31
SWE00140916,SWE00140916.csv.gz,215976,508e5250bf9540c8201be3a401ad7c9d2adf7fc0218235ce09dd25ecadc1034e,2026-09-02 17:54:11+00:00,26370,1961-01-01,2026-07-31
SWE00140944,SWE00140944.csv.gz,489459,1e2f94cf01462b698f49daeb8ba1d44fce01055bfa429ac49fc86e824fcbf143,2026-09-02 17:54:11+00:00,52290,1955-01-01,2026-07-31
SWE00140960,SWE00140960.csv.gz,348428,8308883ab57598c7d770f012cd075ec11942ff4fa067d96e22be77f82b8c684f,2026-09-02 17:54:11+00:00,47095,1961-01-01,2026-07-31
SWM00002485,SWM00002485.csv.gz,734701,b1167b299db609af662426282c0d620709549749f191a019fde5a6382fdab451,2026-09-02 17:54:11+00:00,104716,1882-01-01,2026-03-21
